year,country,EAR,ROA,LLR,LIQ,AG,WFS,SFP,CDL,frag_capital,frag_profit,frag_assetq,frag_liquidity,stress_score,y_true,y_alt,EAR_lag1,ROA_lag1,LLR_lag1,LIQ_lag1,prev_y,prev_target,Assets_Growth_(YoY),Loans_Growth_(YoY),Deposits_Growth_(YoY),FX_Liabilities_Growth_(YoY),Funding_Cost_Proxy,Asset_Yield_Proxy,Net_Interest_Spread_Proxy,FX_Liabilities_Share,Liquidity_Buffer_Change_(Δ_YoY)
2004,Botswana,0.488396417,0,0,0.051070586,,0.028009262,0.488396417,0,0,1,0,1,2,1,1,,,,,,,,,,,3.199933329,0,-3.199933329,,
2005,Botswana,0.555562398,0.018403298,,0,0.424034526,0.102997664,0.555562398,0,0,0,0,1,1,0,1,0.488396417,0,0,0.051070586,1,1,0.424034526,-1,,,0.854397597,,,,-0.051070586
2006,Botswana,0.637595591,0.105454336,0,0.143944405,0.384285406,0.059387177,0.637595591,0,0,0,0,1,1,0,1,0.555562398,0.018403298,,0,0,0,0.384285406,,,,1.617453404,0,-1.617453404,,0.143944405
2007,Botswana,0.647671606,0.055717662,0,0.248405951,0.218744683,0.051444216,0.647671606,0,0,0,0,0,0,0,0,0.637595591,0.105454336,0,0.143944405,0,0,0.218744683,0.099241733,,,1.78258012,0,-1.78258012,,0.104461546
2008,Botswana,0.669860697,0.171058654,0,0.147526175,0.170764277,0.065022496,0.669860697,0,0,0,0,1,1,0,1,0.647671606,0.055717662,0,0.248405951,0,0,0.170764277,0.171526203,,,1.438798576,0,-1.438798576,,-0.100879776
2009,Botswana,0.594955394,0,0,0.124303835,-0.155016674,0.070338776,0.594955394,0,0,1,0,1,2,1,1,0.669860697,0.171058654,0,0.147526175,0,0,-0.155016674,0.088635372,,,0.994634334,0,-0.994634334,,-0.02322234
2010,Botswana,0.486496055,0,0,0.097390794,-0.120364989,0.088950581,0.486496055,0,0,1,0,1,2,1,1,0.594955394,0,0,0.124303835,1,1,-0.120364989,-0.006372776,,,0.535893948,0,-0.535893948,,-0.026913041
2011,Botswana,,0,,,-1,,,,0,1,0,0,1,0,1,0.486496055,0,0,0.097390794,1,1,-1,-1,,,,,,,
2012,Botswana,0.63349576,0.184552313,0,0,,0.187681815,0.63349576,0,0,0,0,1,1,0,1,,0,,,0,0,,,,,0.133970942,0,-0.133970942,,
2013,Botswana,0.800978872,0,,0,0.331734064,0,0.800978872,0,0,1,0,1,2,1,1,0.63349576,0.184552313,0,0,0,0,0.331734064,-1,,,,,,,0
2014,Botswana,0.772657627,0.049294386,0,0,0.07204468,0.227617316,0.772657627,0,0,0,0,1,1,0,1,0.800978872,0,,0,1,1,0.07204468,,,,0.044373779,0,-0.044373779,,0
2015,Botswana,,0.213865504,0,,-1,,,,0,0,0,0,0,0,0,0.772657627,0.049294386,0,0,0,0,-1,0.058715744,,,0.070538812,0,-0.070538812,,
2016,Botswana,0.7183153,0.036169267,0,0,,0.116975475,0.7183153,0,0,0,0,1,1,0,1,,0.213865504,0,,0,0,,0.128473345,,,0.036193304,0,-0.036193304,,
2017,Botswana,0.768034155,0.009735538,0,0,-0.042048122,0.156197195,0.768034155,0,0,0,0,1,1,0,1,0.7183153,0.036169267,0,0,0,0,-0.042048122,0.11445377,,,0.037354354,0,-0.037354354,,0
2018,Botswana,0.67194927,0.039111401,0,0,-0.029337065,0.122734873,0.67194927,0,0,0,0,1,1,0,1,0.768034155,0.009735538,0,0,0,0,-0.029337065,0.623924386,,,0.038935682,0,-0.038935682,,0
2019,Botswana,0.627906302,0.100495433,0,0,-0.085384032,0.119379514,0.627906302,0,0,0,0,1,1,0,1,0.67194927,0.039111401,0,0,0,0,-0.085384032,0.300860479,,,0.055199416,0,-0.055199416,,0
2020,Botswana,0.593717884,0.146332545,0,0,-0.174094378,0.082462883,0.593717884,0,0,0,0,1,1,0,1,0.627906302,0.100495433,0,0,0,0,-0.174094378,0.158115528,,,0.06094428,0,-0.06094428,,0
2021,Botswana,0.649832623,0.099098449,0,0,0.049290106,0.080875818,0.649832623,0,0,0,0,1,1,0,1,0.593717884,0.146332545,0,0,0,0,0.049290106,0.094389774,,,0.039243496,0,-0.039243496,,0
2022,Botswana,0.703397436,0,0,0.105826595,-0.015129715,0.226443428,0.703397436,0,0,1,0,1,2,1,1,0.649832623,0.099098449,0,0,0,0,-0.015129715,48.03756086,,,0.01860599,0,-0.01860599,,0.105826595
2023,Botswana,0.617090699,0.131675734,0,0.095937624,0.166278265,0.223493445,0.617090699,0,0,0,0,1,1,0,1,0.703397436,0,0,0.105826595,1,1,0.166278265,-0.140230645,,,0.030311752,0,-0.030311752,,-0.00988897
2024,Botswana,,0,,,,,,,0,1,0,0,1,0,1,0.617090699,0.131675734,0,0.095937624,0,0,,,,,,,,,
2004,Malawi,,,,,,,,,0,0,0,0,0,0,0,,,,,,,,,,,,,,,
2005,Malawi,0,0,0,,,0,,0.122819951,1,1,0,0,2,1,1,,,,,0,0,,,,,0,0,0,,
2006,Malawi,0,0,0,,,0,,0.080217961,1,1,0,0,2,1,1,0,0,0,,1,1,,-0.409302326,-0.448902227,,0,0,0,,0
2007,Malawi,,0,,,,,,,0,1,0,0,1,0,1,0,0,0,,1,1,,-1,-1,,,,,,
2008,Malawi,0,0.016016127,0,,,0,,0.146809619,1,0,0,0,1,0,1,,0,,,0,0,,,,,0,0,0,,
2009,Malawi,0.207377194,0.020978031,0,,,0,,0.139684139,0,0,0,0,0,0,0,0,0.016016127,0,,0,0,,0.392356688,0,,0,0,0,,-0.006251355
2010,Malawi,0.190777397,0.011504762,0,,,0,,0.138340758,0,0,0,0,0,0,0,0.207377194,0.020978031,0,,0,0,,0.004574565,0.19726805,,0,0,0,,-0.006133243
2011,Malawi,0.179970222,0.001691934,,,,0,,0.023020285,0,0,0,0,0,0,0,0.190777397,0.011504762,0,,0,0,,-1,-0.807131921,,0,,,,-0.00034455
2012,Malawi,0.108165889,0,0,,,0,,0.086347044,0,1,0,0,1,0,1,0.179970222,0.001691934,,,0,0,,,4.875800256,,0,0,0,,0.001455829
2013,Malawi,0.087020103,0.003265666,0,,,0,,0.191268268,0,0,0,0,0,0,0,0.108165889,0,0,,0,0,,1.115745568,0.350098061,,0.208309123,26.42779694,26.21948782,,0.002186866
2014,Malawi,0.094102946,0.049728537,0,,,0,,0.377698342,0,0,0,0,0,0,0,0.087020103,0.003265666,0,,0,0,,0.474125185,1.981083349,,0.026140252,19.66131729,19.63517703,,0.00242537
2015,Malawi,0.158979306,0.11495612,0,,,0,,0.100668194,0,0,0,0,0,0,0,0.094102946,0.049728537,0,,0,0,,1.787362086,-0.285117166,,0.056302827,5.670265083,5.613962257,,0.004271128
2016,Malawi,0.119453928,0.031167174,0,,,0,,0.00775568,0,0,0,0,0,0,0,0.158979306,0.11495612,0,,0,0,,0.431330215,-0.891468993,,7.459595255,10.09938825,2.639792996,,0.021805762
2017,Malawi,0.083063347,0.009556118,,,,0,,0.007915107,0,0,0,0,0,0,0,0.119453928,0.031167174,0,,0,0,,-1,0.425680391,,7.502692119,,,,-0.027613083
2018,Malawi,0.116021584,0.013884179,0,,,0,,0.011615338,0,0,0,0,0,0,0,0.083063347,0.009556118,,,0,0,,,0.401174743,,4.37273807,10.34260289,5.969864822,,-0.001909648
2019,Malawi,0.188906593,0.047908879,0,,,0,,0.015767913,0,0,0,0,0,0,0,0.116021584,0.013884179,0,,0,0,,0.907418499,0.281422483,,1.265470803,0.933429033,-0.33204177,,-0.000776882
2020,Malawi,1,0.041754644,0,,,0,,0.031985155,0,0,0,0,0,0,0,0.188906593,0.047908879,0,,0,0,,-0.01359232,0.219889864,,2.926267096,11.28295966,8.356692566,,0.019043277
2021,Malawi,0,0.099128865,0,,,0,,0.055000144,1,0,0,0,1,0,1,1,0.041754644,0,,0,0,,0.325844741,0.193823188,,0.446096306,1.297283392,0.851187085,,0.101162116
2022,Malawi,0.004901817,0.112784373,0,,,0,,0.603824555,1,0,0,0,1,0,1,0,0.099128865,0,,0,0,,13.17191466,11.31810592,,0.335246061,1.075789993,0.740543932,,0.079549346
2023,Malawi,0.038783482,0.57227731,0,,,0,,8.528670878,1,0,0,0,1,0,1,0.004901817,0.112784373,0,,0,0,,0.333002556,0.28833155,,0.260216989,0.807042709,0.546825719,,0.091856984
2024,Malawi,0.051001187,0.133658741,0,,,0,,0.046974985,0,0,0,0,0,0,0,0.038783482,0.57227731,0,,0,0,,-0.968352477,-0.428977192,,0.720274982,23.73275961,23.01248463,,-0.244330056
2004,Namibia,,,0,,,,,,0,0,0,0,0,0,0,,,,,,,,,,,,1.725890048,,,
2005,Namibia,0.097130305,0.017700996,0,0.056388402,,0.067635875,0.097130305,0,0,0,0,1,1,0,1,,,0,,0,0,,-0.754334547,,,0.20213106,79.20532463,79.00319357,,
2006,Namibia,0.091075016,0.000874471,0,0.104223203,0.185218297,0.025478524,0.091075016,0,0,0,0,1,1,0,1,0.097130305,0.017700996,0,0.056388402,0,0,0.185218297,35.35212859,,,0.222553939,0.927454123,0.704900184,,0.047834801
2007,Namibia,0.095043711,0.002500898,0,0.070826836,0.093046103,0.03592969,0.095043711,0,0,0,0,1,1,0,1,0.091075016,0.000874471,0,0.104223203,0,0,0.093046103,0.236744832,,,0.187075907,1,0.812924093,,-0.033396367
2008,Namibia,0.099760367,0.004476972,0,0.077513356,0.138554819,0.031006887,0.099760367,0,0,0,0,1,1,0,1,0.095043711,0.002500898,0,0.070826836,0,0,0.138554819,-0.983075561,,,0.130367551,69.07592012,68.94555257,,0.00668652
2009,Namibia,0.096693919,0.003262264,0,0.085602982,0.146922188,0.020460233,0.096693919,0,0,0,0,1,1,0,1,0.099760367,0.004476972,0,0.077513356,0,0,0.146922188,-0.578148209,,,0.216911176,138.3470266,138.1301154,,0.008089626
2010,Namibia,0.105929212,0.003071103,0,0.086133528,0.080383846,0.025097706,0.105929212,0,0,0,0,1,1,0,1,0.096693919,0.003262264,0,0.085602982,0,0,0.080383846,-0.087245696,,,0.151540534,151.3304758,151.1789352,,0.000530546
2011,Namibia,0.096358512,0.004069471,0,0.129519795,0.164470862,0.026167185,0.096358512,0,0,0,0,1,1,0,1,0.105929212,0.003071103,0,0.086133528,0,0,0.164470862,2.177025289,,,0.130542216,53.47638964,53.34584742,,0.043386267
2012,Namibia,0.097340777,0.003000941,0,0.097942607,0.118344226,0.048038976,0.097340777,0,0,0,0,1,1,0,1,0.096358512,0.004069471,0,0.129519795,0,0,0.118344226,-0.232730707,,,0.067758053,77.16247582,77.09471777,,-0.031577188
2013,Namibia,0.101031851,0.002955908,0,0.09238811,0.147915741,0.050480567,0.101031851,0,0,0,0,1,1,0,1,0.097340777,0.003000941,0,0.097942607,0,0,0.147915741,-0.807279761,,,0.063992142,449.6614964,449.5975042,,-0.005554497
2014,Namibia,0.102818082,0.003389295,0,0.094889061,0.132228342,0.067666989,0.102818082,0,0,0,0,1,1,0,1,0.101031851,0.002955908,0,0.09238811,0,0,0.132228342,0.850364964,,,0.055512461,314.4137081,314.3581956,,0.002500951
2015,Namibia,0.106333365,0.003457669,0,0.080361353,0.14642256,0.066456419,0.106333365,0,0,0,0,1,1,0,1,0.102818082,0.003389295,0,0.094889061,0,0,0.14642256,2.310157791,,,0.060268,112.6941755,112.6339075,,-0.014527707
2016,Namibia,0.110542946,0.003912034,0,0.079592305,0.101339447,0.075082337,0.110542946,0,0,0,0,1,1,0,1,0.106333365,0.003457669,0,0.080361353,0,0,0.101339447,-14.60122151,,,0.06189039,-9.531580965,-9.593471355,,-0.000769048
2017,Namibia,0.108294191,0.003463027,0,0.094745767,0.111039729,0.078961925,0.108294191,0,0,0,0,1,1,0,1,0.110542946,0.003912034,0,0.079592305,0,0,0.111039729,-1.026811237,,,0.058641694,383.8488562,383.7902145,,0.015153462
2018,Namibia,0.115138591,0.002995726,0,0.093281874,0.08120301,0.083309089,0.115138591,0,0,0,0,1,1,0,1,0.108294191,0.003463027,0,0.094745767,0,0,0.08120301,0.487745098,,,0.055431359,281.7690829,281.7136516,,-0.001463893
2019,Namibia,0.115318054,0.003097565,0,0.096230682,0.075518523,0.074905055,0.115318054,0,0,0,0,1,1,0,1,0.115138591,0.002995726,0,0.093281874,0,0,0.075518523,-0.220483251,,,0.059560972,390.6421275,390.5825665,,0.002948808
2020,Namibia,0.117288503,0.002083728,0,0.102835478,0.013008014,0.071873735,0.117288503,0,0,0,0,1,1,0,1,0.115318054,0.003097565,0,0.096230682,0,0,0.013008014,-0.585065164,,,0.037523095,676.2088285,676.1713054,,0.006604796
2021,Namibia,0.123527175,0.002241339,0,0.114286585,0.028340032,0.072921367,0.123527175,0,0,0,0,1,1,0,1,0.117288503,0.002083728,0,0.102835478,0,0,0.028340032,0.411714771,,,0.03536361,488.307276,488.2719124,,0.011451108
2022,Namibia,0.121103315,0.003686975,0,0.161197437,0.109716866,0.116931436,0.121103315,0,0,0,0,1,1,0,1,0.123527175,0.002241339,0,0.114286585,0,0,0.109716866,0.705351774,,,0.03582938,438.1964034,438.160574,,0.046910852
2023,Namibia,0.118434886,0.003770929,0,0.179126998,0.060679,0.090727867,0.118434886,0,0,0,0,1,1,0,1,0.121103315,0.003686975,0,0.161197437,0,0,0.060679,-0.284555712,,,0.051848066,699.9388862,699.8870381,,0.017929561
2024,Namibia,0.122647894,0.003073507,0,0.164069012,0.070988738,0.076864672,0.122647894,0,0,0,0,1,1,0,1,0.118434886,0.003770929,0,0.179126998,0,0,0.070988738,-0.21636274,,,0.054614374,928.4119497,928.3573353,,-0.015057986
2004,South Africa,0.043287481,,,0,,0,0.043287481,0,0,0,0,1,1,0,1,,,,,,,,,,,,,,,
2005,South Africa,0,0.007076028,0,0,0.192190802,0,0,0,1,0,0,1,2,1,1,0.043287481,,,0,0,0,0.192190802,,,,,95.90884421,,,0
2006,South Africa,0,0.004939872,0,0,0.304175532,0,0,0,1,0,0,1,2,1,1,0,0.007076028,0,0,1,1,0.304175532,0.200529494,,,,75.29356066,,,0
2007,South Africa,,0,,,-1,,,,0,1,0,0,1,0,1,0,0.004939872,0,0,1,1,-1,-1,,,,,,,
2008,South Africa,0,0.015315828,0,0,,0,0,0,1,0,0,1,2,1,1,,0,,,0,0,,,,,,167.4355859,,,
2009,South Africa,0,0.002667699,0,0,0.07561051,0,0,0,1,0,0,1,2,1,1,0,0.015315828,0,0,1,1,0.07561051,0.011555654,,,,140.1586587,,,0
2010,South Africa,0,0.00309985,0,0,-0.039547875,0,0,0,1,0,0,1,2,1,1,0,0.002667699,0,0,1,1,-0.039547875,0.015199606,,,,69.46263729,,,0
2011,South Africa,0,0,0,0,0.097190112,0,0,0,1,1,0,1,3,1,1,0,0.00309985,0,0,1,1,0.097190112,110.2238663,,,,0.400214724,,,0
2012,South Africa,0,0,0,0,0.165380468,0,0,0,1,1,0,1,3,1,1,0,0,0,0,1,1,0.165380468,0.01611924,,,,0.559358748,,,0
2013,South Africa,0,0,0,0,0.257644011,0,0,0,1,1,0,1,3,1,1,0,0,0,0,1,1,0.257644011,1.275349211,,,,0.333508018,,,0
2014,South Africa,0,0,0,0,0.129458756,0,0,0,1,1,0,1,3,1,1,0,0,0,0,1,1,0.129458756,0.149931873,,,,0.264868067,,,0
2015,South Africa,0,0.000987293,0,0,0.1137681,0,0,0,1,0,0,1,2,1,1,0,0,0,0,1,1,0.1137681,0,,,,0.476871895,,,0
2016,South Africa,,0,,,-1,,,,0,1,0,0,1,0,1,0,0.000987293,0,0,1,1,-1,-1,,,,,,,
2017,South Africa,,,,,,,,,0,0,0,0,0,0,0,,0,,,0,0,,,,,,,,,
2018,South Africa,,,,,,,,,0,0,0,0,0,0,0,,,,,0,0,,,,,,,,,
2019,South Africa,,,,,,,,,0,0,0,0,0,0,0,,,,,0,0,,,,,,,,,
2020,South Africa,0.000382584,0.012011484,0,0,,0,0.000382584,0,1,0,0,1,2,1,1,,,,,0,0,,,,,,1.338828356,,,
2021,South Africa,0.000370166,0.001715544,,0,-0.160102623,0,0.000370166,0,1,0,0,1,2,1,1,0.000382584,0.012011484,0,0,1,1,-0.160102623,-1,,,,,,,0
2022,South Africa,0.000217216,0.002193962,0,0,0.078272278,0,0.000217216,0,1,0,0,1,2,1,1,0.000370166,0.001715544,,0,1,1,0.078272278,,,,,0.160912208,,,0
2023,South Africa,0.000134885,0.00176987,0,0,0.20897494,0,0.000134885,0,1,0,0,1,2,1,1,0.000217216,0.002193962,0,0,1,1,0.20897494,-0.165941245,,,,0.690237362,,,0
2024,South Africa,0.000294842,0.011868932,0,0,0.0635757,0,0.000294842,0,1,0,0,1,2,1,1,0.000134885,0.00176987,0,0,1,1,0.0635757,-0.296851723,,,,1.510875706,,,0
2004,Tanzania,0.159046195,0.027161032,0.020065021,1.285857646,,0.028945628,0.957683852,0.94968077,0,0,0,0,0,0,0,,,,,,,,,,,0.024583999,0.113653679,0.089069679,0,
2005,Tanzania,1,0.005767395,,0.16335486,5251.054865,0.075999359,1,0,0,0,0,1,1,0,1,0.159046195,0.027161032,0.020065021,1.285857646,0,0,5251.054865,-1,-1,,0.194247329,,,0.019633348,-1.122502785
2006,Tanzania,0.116707471,0,,0,0.222230526,0.102305619,0.116707471,0,0,1,0,1,2,1,1,1,0.005767395,,0.16335486,0,0,0.222230526,,,11.77378234,0,,,0.206472999,-0.16335486
2007,Tanzania,0.119442631,0.002185701,,0.221221779,0.1881734,0.112240999,0.119442631,0,0,0,0,0,0,0,0,0.116707471,0,,0,1,1,0.1881734,,,-0.318757773,0.086592543,,,0.118749531,0.221221779
2008,Tanzania,0.278138619,0.030342443,,0.515548362,-0.623758698,0.199319658,0.278138619,0,0,0,0,0,0,0,0,0.119442631,0.002185701,,0.221221779,0,0,-0.623758698,,,-0.194260425,0.077711964,,,0.098349793,0.294326584
2009,Tanzania,,0.233907924,,,-1,,,,0,0,0,0,0,0,0,0.278138619,0.030342443,,0.515548362,0,0,-1,,,-1,,,,,
2010,Tanzania,0.102821173,0,,0,,1.99036284,0.102821173,0,0,1,0,1,2,1,1,,0.233907924,,,0,0,,,,,0.068949291,,,0,
2011,Tanzania,0.173206483,0.089099882,,0.143657437,0.1564129,0.187285079,0.173206483,0,0,0,0,1,1,0,1,0.102821173,0,,0,1,1,0.1564129,,,,0.030580875,,,0,0.143657437
2012,Tanzania,0.133531971,0.081273314,,0.168986929,0.044316602,0.00945341,0.133531971,0,0,0,0,1,1,0,1,0.173206483,0.089099882,,0.143657437,0,0,0.044316602,,,,0.636637845,,,0.065324,0.025329492
2013,Tanzania,0.109004457,0,,0.172693659,0.137740915,0.085514123,0.109004457,0,0,1,0,1,2,1,1,0.133531971,0.081273314,,0.168986929,0,0,0.137740915,,,0,0.124696495,,,0.065309506,0.00370673
2014,Tanzania,0,0.017953923,,0.170278027,0.11981542,0.265017717,0,0,1,0,0,1,2,1,1,0.109004457,0,,0.172693659,1,1,0.11981542,,,0.150868012,0,,,0.06210601,-0.002415632
2015,Tanzania,,0,,,-1,,,,0,1,0,0,1,0,1,0,0.017953923,,0.170278027,1,1,-1,,,-1,,,,,
2016,Tanzania,,,,,,,,,0,0,0,0,0,0,0,,0,,,0,0,,,,,,,,,
2017,Tanzania,,,,,,,,,0,0,0,0,0,0,0,,,,,0,0,,,,,,,,,
2018,Tanzania,,,,,,,,,0,0,0,0,0,0,0,,,,,0,0,,,,,,,,,
2019,Tanzania,0.127869864,0.015564077,,0.31024781,,0.262823908,0.127869864,0,0,0,0,1,1,0,1,,,,,0,0,,,,,0.005955849,,,0.070877514,
2020,Tanzania,0.117481834,0.005435694,,0.669681628,0.061902405,0.251054163,0.117481834,0,0,0,0,1,1,0,1,0.127869864,0.015564077,,0.31024781,0,0,0.061902405,,,0.536556671,0.003016978,,,0.100117248,0.359433817
2021,Tanzania,0.106920124,0.014066113,,0.635731396,0.097235355,0.216758847,0.106920124,0,0,0,0,1,1,0,1,0.117481834,0.005435694,,0.669681628,0,0,0.097235355,,,0.110834611,0.001256394,,,0.095846797,-0.033950232
2022,Tanzania,0.072949707,0.003138866,,0.455581073,0.069376147,0.217646306,0.072949707,0,0,0,0,1,1,0,1,0.106920124,0.014066113,,0.635731396,0,0,0.069376147,,,0.466149824,0.001461804,,,0.140099473,-0.180150322
2023,Tanzania,0.059680154,0.002870903,,0.51891044,0.143755955,0.25326791,0.059680154,0,0,0,0,1,1,0,1,0.072949707,0.003138866,,0.455581073,0,0,0.143755955,,,0.202589276,0.01540437,,,0.14319433,0.063329367
2024,Tanzania,0.096732597,0.044107425,,0.503355314,0.086886275,0.199763953,0.096732597,0,0,0,0,0,0,0,0,0.059680154,0.002870903,,0.51891044,0,0,0.086886275,,,0.454923579,0.028156377,,,0.213655229,-0.015555127
2004,Zambia,0.020087411,,0,0.386446194,,0.096994249,0.090022744,5.59E-05,1,0,0,0,1,0,1,,,,,,,,,,,0.007982967,0.019060502,0.011077535,0.461379573,
2005,Zambia,0.000203147,-0.033292566,0,0.48460293,-0.156984682,0.135256044,0.090284092,0.000297924,1,1,0,0,2,1,1,0.020087411,,0,0.386446194,0,0,-0.156984682,-0.436408328,3.585326954,-0.42376894,0.021873723,0.025184509,0.003310786,0.308971685,0.097322983
2006,Zambia,1,0.054560709,0,0.287805359,-0.199923053,0.300293028,1.143351786,0.000862871,0,0,0,1,1,0,1,0.000203147,-0.033292566,0,0.48460293,1,1,-0.199923053,-0.19462937,1.101217391,-0.896307237,0.027987468,0.03394397,0.005956502,0.044160836,0.176810771
2007,Zambia,1,-0.035263017,0,0.323682424,0.235741798,0.229732503,1.205124063,0.00060361,0,1,0,1,2,1,1,1,0.054560709,0,0.287805359,0,0,0.235741798,0.006722484,-0.088230425,0.373821045,0.039079777,0.034541306,-0.004538472,0.046547152,0.067889093
2008,Zambia,0.088353461,0.050364326,0,0.50268656,0.085565915,0.002283396,0.283398234,0.00903687,0,0,0,0,0,0,0,1,-0.035263017,0,0.323682424,1,1,0.085565915,1.435132486,14.48856209,0.325073514,-0.678041908,0.020373521,0.698415429,0.05961881,0.246879519
2009,Zambia,0.022823495,-0.007655656,0,0.524739379,0.64455086,0.148428639,0.233990881,0.095839963,1,1,0,0,2,1,1,0.088353461,0.050364326,0,0.50268656,0,0,0.64455086,0.273225644,17.69486936,2.36063331,-0.023683283,0.009980635,0.033663918,0.113660769,0.044226304
2010,Zambia,0.008517222,-0.011913341,0,0.588585657,0,0.145774698,0.245747437,0.085437685,1,1,0,0,2,1,1,0.022823495,-0.007655656,0,0.524739379,1,1,0,-0.389473834,0,0,0.011973617,0.009548325,-0.002425291,0.101324257,0.127669537
2011,Zambia,0.011937496,0.007949347,0,0.591373777,0.189070797,0.112868173,0.327059007,0.09910586,1,0,0,0,1,0,1,0.008517222,-0.011913341,0,0.588585657,1,1,0.189070797,0.108348592,0.243288201,0.220376064,0.007587514,0.00742998,-0.000157534,0.115367945,0.00557078
2012,Zambia,0.011657821,0.001462339,0,0.674880207,0.223917689,0.198837202,0.289206401,0.040395051,1,0,0,0,1,0,1,0.011937496,0.007949347,0,0.591373777,0,0,0.223917689,1.401234438,-0.522926855,-0.045484005,0.011192429,0.005478879,-0.00571355,0.094083231,0.167002231
2013,Zambia,0.046910936,0.01638038,0,0.602626993,-0.008586418,0.226994465,0.209753845,0.046126523,0,0,0,1,1,0,1,0.011657821,0.001462339,0,0.674880207,0,0,-0.008586418,-0.315101655,0.194377289,0.057367834,0.010795117,0.00756683,-0.003228287,0.095108502,-0.144483002
2014,Zambia,0.063858743,0.031014621,0,0.643774217,0.213382556,0.273735493,0.357304437,0.270758437,0,0,0,1,1,0,1,0.046910936,0.01638038,0,0.602626993,0,0,0.213382556,0.12527961,5.688333895,-0.979450308,0.002301444,0.011122551,0.008821107,0.001715292,0.08233422
2015,Zambia,0.253408151,0.279335491,0,0.695127047,0.574552357,0.276268165,0.532769083,0.275278545,0,0,0,1,1,0,1,0.063858743,0.031014621,0,0.643774217,0,0,0.574552357,0.046558259,0.276701389,5.512344905,0.001737478,0.00561952,0.003882042,0.008895624,0.102732396
2017,Zambia,0.171860906,0.027711047,0,0.397264617,0.005930698,0.172628086,0.376352682,0.168411343,0,0,0,0,0,0,0,0.253408151,0.279335491,0,0.695127047,0,0,0.005930698,0.990124453,-0.317367313,3.972034051,0.008555646,0.031626037,0.023070391,0.039638973,-0.552935887
2018,Zambia,0.217403904,0.069469319,0,0.428588891,0.026804068,0.139623301,0.363066688,0.137619396,0,0,0,0,0,0,0,0.171860906,0.027711047,0,0.397264617,0,0,0.026804068,0.118857341,-0.207078343,-0.512216631,0.003209751,0.018614181,0.01540443,0.019926335,-0.021819411
2019,Zambia,0.202627087,0.054094795,0,0.351826863,0.20021315,0.183199146,0.386638649,0.180291708,0,0,0,0,0,0,0,0.217403904,0.069469319,0,0.428588891,0,0,0.20021315,0.242042369,0.602058189,-0.64311305,0.000471853,0.02407532,0.023603467,0.005815351,-0.111853309
2020,Zambia,0.183236278,0.095145855,0,0.288295109,0.517706852,0.212065407,0.388541134,0.21060397,0,0,0,1,1,0,1,0.202627087,0.054094795,0,0.351826863,0,0,0.517706852,0.475975698,0.815990851,-0.586135466,0.003003246,0.045148172,0.042144926,0.001548144,-0.12701515
2021,Zambia,0.951407439,0.013857943,0,0.380791014,0.360501379,0.070120969,1.162119573,0.160681494,0,0,0,0,0,0,0,0.183236278,0.095145855,0,0.288295109,0,0,0.360501379,0.134685222,0.149924712,-0.468621008,0.009043005,0.041911557,0.032868552,0.000545815,0.184986859
2022,Zambia,0.117256089,0.030679481,0,0.45298281,-0.014241847,0.213443759,0.476958112,0.211915858,0,0,0,1,1,0,1,0.951407439,0.013857943,0,0.380791014,0,0,-0.014241847,-0.230004186,0.268338428,2.266538604,0.003111576,0.041046398,0.037934823,0.00185394,0.144383581
2023,Zambia,0.19800424,0.05971282,0,0.529208497,0.307635271,0.342741766,0.498241904,0.32089144,0,0,0,1,1,0,1,0.117256089,0.030679481,0,0.45298281,0,0,0.307635271,0.171055775,0.79894814,119.9341883,0.069382295,0.031286367,-0.038095928,0.188721294,0.152454018
2024,Zambia,0.18246839,0.037114311,0,0.5815784,0.27072627,0.362712978,0.507019529,0.361206259,0,0,0,1,1,0,1,0.19800424,0.05971282,0,0.529208497,0,0,0.27072627,0.389634147,0.458080915,0.474872395,0.071683103,0.030958306,-0.040724797,0.214877461,0.104764251
