year,country,EAR,ROA,LLR,LIQ,AG,WFS,SFP,CDL,frag_capital,frag_profit,frag_assetq,frag_liquidity,stress_score,y_true,y_alt,EAR_lag1,ROA_lag1,LLR_lag1,LIQ_lag1,prev_y
2004,Botswana,0.4883964169309692,0.0,0.0,0.0510705860156997,,0.028009261697705515,0.4883964169309692,0.0,0,1,0,1,2,1,1,,,,,
2005,Botswana,0.5555623982607525,0.018403298493497127,,0.0,0.4240345263219438,0.10299766423146713,0.5555623982607525,0.0,0,0,0,1,1,0,1,0.4883964169309692,0.0,0.0,0.0510705860156997,1.0
2006,Botswana,0.6375955908313825,0.10545433574205286,0.0,0.1439444050110018,0.38428540640493836,0.05938717725627428,0.6375955908313825,0.0,0,0,0,1,1,0,1,0.5555623982607525,0.018403298493497127,,0.0,0.0
2007,Botswana,0.6476716061039817,0.05571766193645199,0.0,0.24840595093975315,0.2187446829834614,0.051444216492258645,0.6476716061039817,0.0,0,0,0,0,0,0,0,0.6375955908313825,0.10545433574205286,0.0,0.1439444050110018,0.0
2008,Botswana,0.6698606972636909,0.17105865363922243,0.0,0.1475261745938486,0.17076427668083904,0.06502249615098202,0.6698606972636909,0.0,0,0,0,1,1,0,1,0.6476716061039817,0.05571766193645199,0.0,0.24840595093975315,0.0
2009,Botswana,0.5949553940631568,0.0,0.0,0.12430383451693798,-0.1550166735921934,0.07033877552509117,0.5949553940631568,0.0,0,1,0,1,2,1,1,0.6698606972636909,0.17105865363922243,0.0,0.1475261745938486,0.0
2010,Botswana,0.48649605511521704,0.0,0.0,0.0973907937097833,-0.12036498863286371,0.0889505813708058,0.48649605511521704,0.0,0,1,0,1,2,1,1,0.5949553940631568,0.0,0.0,0.12430383451693798,1.0
2011,Botswana,,0.0,,,-1.0,,,,0,1,0,0,1,0,1,0.48649605511521704,0.0,0.0,0.0973907937097833,1.0
2012,Botswana,0.633495760344998,0.18455231300359456,0.0,0.0,,0.1876818147931394,0.633495760344998,0.0,0,0,0,1,1,0,1,,0.0,,,0.0
2013,Botswana,0.8009788720854032,0.0,,0.0,0.3317340635571824,0.0,0.8009788720854032,0.0,0,1,0,1,2,1,1,0.633495760344998,0.18455231300359456,0.0,0.0,0.0
2014,Botswana,0.7726576265019514,0.04929438590952281,0.0,0.0,0.07204468030263467,0.22761731576874852,0.7726576265019514,0.0,0,0,0,1,1,0,1,0.8009788720854032,0.0,,0.0,1.0
2015,Botswana,,0.21386550354318806,0.0,,-1.0,,,,0,0,0,0,0,0,0,0.7726576265019514,0.04929438590952281,0.0,0.0,0.0
2016,Botswana,0.7183153001261681,0.03616926680840908,0.0,0.0,,0.1169754751998858,0.7183153001261681,0.0,0,0,0,1,1,0,1,,0.21386550354318806,0.0,,0.0
2017,Botswana,0.768034154941136,0.009735537924899746,0.0,0.0,-0.04204812232968358,0.15619719526168938,0.768034154941136,0.0,0,0,0,1,1,0,1,0.7183153001261681,0.03616926680840908,0.0,0.0,0.0
2018,Botswana,0.6719492697134621,0.03911140084814987,0.0,0.0,-0.029337065125732753,0.1227348730433795,0.6719492697134621,0.0,0,0,0,1,1,0,1,0.768034154941136,0.009735537924899746,0.0,0.0,0.0
2019,Botswana,0.6279063018666206,0.10049543284148961,0.0,0.0,-0.08538403224081548,0.1193795141014987,0.6279063018666206,0.0,0,0,0,1,1,0,1,0.6719492697134621,0.03911140084814987,0.0,0.0,0.0
2020,Botswana,0.5937178842850706,0.14633254460326311,0.0,0.0,-0.1740943777861882,0.08246288293461089,0.5937178842850706,0.0,0,0,0,1,1,0,1,0.6279063018666206,0.10049543284148961,0.0,0.0,0.0
2021,Botswana,0.6498326234728554,0.09909844944908924,0.0,0.0,0.04929010594838523,0.0808758181625788,0.6498326234728554,0.0,0,0,0,1,1,0,1,0.5937178842850706,0.14633254460326311,0.0,0.0,0.0
2022,Botswana,0.7033974359497902,0.0,0.0,0.10582659464640452,-0.015129714732035393,0.22644342784324387,0.7033974359497902,0.0,0,1,0,1,2,1,1,0.6498326234728554,0.09909844944908924,0.0,0.0,0.0
2023,Botswana,0.6170906988169678,0.1316757338367247,0.0,0.09593762414848299,0.1662782651375483,0.22349344458711284,0.6170906988169678,0.0,0,0,0,1,1,0,1,0.7033974359497902,0.0,0.0,0.10582659464640452,1.0
2024,Botswana,,0.0,,,,,,,0,1,0,0,1,0,1,0.6170906988169678,0.1316757338367247,0.0,0.09593762414848299,0.0
2004,Malawi,,,,,,,,,0,0,0,0,0,0,0,,,,,
2005,Malawi,0.0,0.0,0.0,,,0.0,,0.12281995072458145,1,1,0,0,2,1,1,,,,,0.0
2006,Malawi,0.0,0.0,0.0,,,0.0,,0.08021796109808249,1,1,0,0,2,1,1,0.0,0.0,0.0,,1.0
2007,Malawi,,0.0,,,,,,,0,1,0,0,1,0,1,0.0,0.0,0.0,,1.0
2008,Malawi,0.0,0.016016127350457057,0.0,,,0.0,,0.14680961889052868,1,0,0,0,1,0,1,,0.0,,,0.0
2009,Malawi,0.2073771940736279,0.02097803072192477,0.0,,,0.0,,0.13968413922984158,0,0,0,0,0,0,0,0.0,0.016016127350457057,0.0,,0.0
2010,Malawi,0.19077739688156586,0.011504761676373872,0.0,,,0.0,,0.13834075815135696,0,0,0,0,0,0,0,0.2073771940736279,0.02097803072192477,0.0,,0.0
2011,Malawi,0.1799702216936895,0.0016919339114107531,,,,0.0,,0.023020284968137097,0,0,0,0,0,0,0,0.19077739688156586,0.011504761676373872,0.0,,0.0
2012,Malawi,0.10816588859541078,0.0,0.0,,,0.0,,0.08634704399202198,0,1,0,0,1,0,1,0.1799702216936895,0.0016919339114107531,,,0.0
2013,Malawi,0.0870201028048528,0.003265665917479432,0.0,,,0.0,,0.1912682682868098,0,0,0,0,0,0,0,0.10816588859541078,0.0,0.0,,0.0
2014,Malawi,0.09410294593202678,0.04972853706247989,0.0,,,0.0,,0.3776983419358533,0,0,0,0,0,0,0,0.0870201028048528,0.003265665917479432,0.0,,0.0
2015,Malawi,0.1589793056181344,0.1149561200350388,0.0,,,0.0,,0.1006681935596022,0,0,0,0,0,0,0,0.09410294593202678,0.04972853706247989,0.0,,0.0
2016,Malawi,0.11945392816770654,0.03116717408948315,0.0,,,0.0,,0.007755680372878824,0,0,0,0,0,0,0,0.1589793056181344,0.1149561200350388,0.0,,0.0
2017,Malawi,0.08306334725893086,0.009556118382542703,,,,0.0,,0.00791510727817941,0,0,0,0,0,0,0,0.11945392816770654,0.03116717408948315,0.0,,0.0
2018,Malawi,0.11602158420983916,0.013884179046512143,0.0,,,0.0,,0.011615337796713329,0,0,0,0,0,0,0,0.08306334725893086,0.009556118382542703,,,0.0
2019,Malawi,0.18890659265948212,0.04790887942584307,0.0,,,0.0,,0.015767913100667563,0,0,0,0,0,0,0,0.11602158420983916,0.013884179046512143,0.0,,0.0
2020,Malawi,1.0,0.041754643662117716,0.0,,,0.0,,0.03198515536545477,0,0,0,0,0,0,0,0.18890659265948212,0.04790887942584307,0.0,,0.0
2021,Malawi,0.0,0.0991288653548106,0.0,,,0.0,,0.055000144137911156,1,0,0,0,1,0,1,1.0,0.041754643662117716,0.0,,0.0
2022,Malawi,0.004901816847127914,0.11278437341664371,0.0,,,0.0,,0.6038245549642136,1,0,0,0,1,0,1,0.0,0.0991288653548106,0.0,,0.0
2023,Malawi,0.038783482142857144,0.5722773097638447,0.0,,,0.0,,8.528670878435475,1,0,0,0,1,0,1,0.004901816847127914,0.11278437341664371,0.0,,0.0
2024,Malawi,0.051001187319781816,0.133658740783446,0.0,,,0.0,,0.04697498537198816,0,0,0,0,0,0,0,0.038783482142857144,0.5722773097638447,0.0,,0.0
2004,Namibia,,,0.0,,,,,,0,0,0,0,0,0,0,,,,,
2005,Namibia,0.09713030518498919,0.01770099624574866,0.0,0.05638840226348124,,0.06763587549533764,0.09713030518498919,0.0,0,0,0,1,1,0,1,,,0.0,,0.0
2006,Namibia,0.09107501611507324,0.000874471291272833,0.0,0.10422320316633941,0.18521829721627237,0.025478523861987578,0.09107501611507324,0.0,0,0,0,1,1,0,1,0.09713030518498919,0.01770099624574866,0.0,0.05638840226348124,0.0
2007,Namibia,0.09504371110938775,0.002500897791378133,0.0,0.0708268363554342,0.09304610336211572,0.03592968987483125,0.09504371110938775,0.0,0,0,0,1,1,0,1,0.09107501611507324,0.000874471291272833,0.0,0.10422320316633941,0.0
2008,Namibia,0.0997603669135322,0.004476971793935097,0.0,0.07751335644443572,0.1385548193630355,0.031006887167676783,0.0997603669135322,0.0,0,0,0,1,1,0,1,0.09504371110938775,0.002500897791378133,0.0,0.0708268363554342,0.0
2009,Namibia,0.09669391920886765,0.003262263831656616,0.0,0.08560298232032126,0.14692218803452373,0.020460233148399353,0.09669391920886765,0.0,0,0,0,1,1,0,1,0.0997603669135322,0.004476971793935097,0.0,0.07751335644443572,0.0
2010,Namibia,0.10592921208849727,0.003071103494711522,0.0,0.08613352841035687,0.08038384623762873,0.025097706484720504,0.10592921208849727,0.0,0,0,0,1,1,0,1,0.09669391920886765,0.003262263831656616,0.0,0.08560298232032126,0.0
2011,Namibia,0.09635851183370725,0.004069471216874825,0.0,0.12951979494640475,0.16447086247312548,0.026167185223747176,0.09635851183370725,0.0,0,0,0,1,1,0,1,0.10592921208849727,0.003071103494711522,0.0,0.08613352841035687,0.0
2012,Namibia,0.0973407766246669,0.003000940804860447,0.0,0.09794260713232371,0.11834422593433347,0.0480389756253845,0.0973407766246669,0.0,0,0,0,1,1,0,1,0.09635851183370725,0.004069471216874825,0.0,0.12951979494640475,0.0
2013,Namibia,0.1010318507381993,0.002955907613097904,0.0,0.09238810994305749,0.1479157414029555,0.050480566846211196,0.1010318507381993,0.0,0,0,0,1,1,0,1,0.0973407766246669,0.003000940804860447,0.0,0.09794260713232371,0.0
2014,Namibia,0.10281808196557977,0.003389294833970685,0.0,0.09488906054699588,0.132228341634667,0.06766698882533304,0.10281808196557977,0.0,0,0,0,1,1,0,1,0.1010318507381993,0.002955907613097904,0.0,0.09238810994305749,0.0
2015,Namibia,0.10633336482444466,0.003457668913586529,0.0,0.08036135344773783,0.14642256034930612,0.06645641903473974,0.10633336482444466,0.0,0,0,0,1,1,0,1,0.10281808196557977,0.003389294833970685,0.0,0.09488906054699588,0.0
2016,Namibia,0.1105429458403604,0.0039120338031340685,0.0,0.07959230497602983,0.10133944695184205,0.07508233697837052,0.1105429458403604,0.0,0,0,0,1,1,0,1,0.10633336482444466,0.003457668913586529,0.0,0.08036135344773783,0.0
2017,Namibia,0.10829419123013369,0.0034630266222743233,0.0,0.09474576692139083,0.11103972890741742,0.07896192528425977,0.10829419123013369,0.0,0,0,0,1,1,0,1,0.1105429458403604,0.0039120338031340685,0.0,0.07959230497602983,0.0
2018,Namibia,0.11513859065399029,0.0029957258523799373,0.0,0.09328187408051637,0.08120300987992768,0.08330908943419463,0.11513859065399029,0.0,0,0,0,1,1,0,1,0.10829419123013369,0.0034630266222743233,0.0,0.09474576692139083,0.0
2019,Namibia,0.11531805353989795,0.0030975649205406395,0.0,0.09623068207209029,0.07551852343631205,0.07490505451573057,0.11531805353989795,0.0,0,0,0,1,1,0,1,0.11513859065399029,0.0029957258523799373,0.0,0.09328187408051637,0.0
2020,Namibia,0.11728850287069038,0.002083727612153928,0.0,0.1028354777311213,0.013008013580438238,0.07187373520442321,0.11728850287069038,0.0,0,0,0,1,1,0,1,0.11531805353989795,0.0030975649205406395,0.0,0.09623068207209029,0.0
2021,Namibia,0.12352717457515147,0.002241338690646748,0.0,0.11428658535276338,0.028340031897855722,0.07292136714918918,0.12352717457515147,0.0,0,0,0,1,1,0,1,0.11728850287069038,0.002083727612153928,0.0,0.1028354777311213,0.0
2022,Namibia,0.12110331523433286,0.003686974607230448,0.0,0.1611974369557621,0.10971686557725135,0.11693143615647604,0.12110331523433286,0.0,0,0,0,1,1,0,1,0.12352717457515147,0.002241338690646748,0.0,0.11428658535276338,0.0
2023,Namibia,0.11843488630013421,0.003770928665756066,0.0,0.17912699800501758,0.06067900048022534,0.09072786700927261,0.11843488630013421,0.0,0,0,0,1,1,0,1,0.12110331523433286,0.003686974607230448,0.0,0.1611974369557621,0.0
2024,Namibia,0.12264789351950962,0.0030735067736780476,0.0,0.1640690118480616,0.07098873818451601,0.07686467154661313,0.12264789351950962,0.0,0,0,0,1,1,0,1,0.11843488630013421,0.003770928665756066,0.0,0.17912699800501758,0.0
2004,South Africa,0.04328748083039181,,,0.0,,0.0,0.04328748083039181,0.0,0,0,0,1,1,0,1,,,,,
2005,South Africa,0.0,0.007076027875576175,0.0,0.0,0.19219080203786354,0.0,0.0,0.0,1,0,0,1,2,1,1,0.04328748083039181,,,0.0,0.0
2006,South Africa,0.0,0.00493987248341168,0.0,0.0,0.3041755316981627,0.0,0.0,0.0,1,0,0,1,2,1,1,0.0,0.007076027875576175,0.0,0.0,1.0
2007,South Africa,,0.0,,,-1.0,,,,0,1,0,0,1,0,1,0.0,0.00493987248341168,0.0,0.0,1.0
2008,South Africa,0.0,0.01531582835035689,0.0,0.0,,0.0,0.0,0.0,1,0,0,1,2,1,1,,0.0,,,0.0
2009,South Africa,0.0,0.0026676992506761365,0.0,0.0,0.07561050972957273,0.0,0.0,0.0,1,0,0,1,2,1,1,0.0,0.01531582835035689,0.0,0.0,1.0
2010,South Africa,0.0,0.003099849778572491,0.0,0.0,-0.03954787470574184,0.0,0.0,0.0,1,0,0,1,2,1,1,0.0,0.0026676992506761365,0.0,0.0,1.0
2011,South Africa,0.0,0.0,0.0,0.0,0.09719011222233309,0.0,0.0,0.0,1,1,0,1,3,1,1,0.0,0.003099849778572491,0.0,0.0,1.0
2012,South Africa,0.0,0.0,0.0,0.0,0.16538046788091076,0.0,0.0,0.0,1,1,0,1,3,1,1,0.0,0.0,0.0,0.0,1.0
2013,South Africa,0.0,0.0,0.0,0.0,0.25764401131428816,0.0,0.0,0.0,1,1,0,1,3,1,1,0.0,0.0,0.0,0.0,1.0
2014,South Africa,0.0,0.0,0.0,0.0,0.12945875586214672,0.0,0.0,0.0,1,1,0,1,3,1,1,0.0,0.0,0.0,0.0,1.0
2015,South Africa,0.0,0.00098729273938306,0.0,0.0,0.11376810026477435,0.0,0.0,0.0,1,0,0,1,2,1,1,0.0,0.0,0.0,0.0,1.0
2016,South Africa,,0.0,,,-1.0,,,,0,1,0,0,1,0,1,0.0,0.00098729273938306,0.0,0.0,1.0
2017,South Africa,,,,,,,,,0,0,0,0,0,0,0,,0.0,,,0.0
2018,South Africa,,,,,,,,,0,0,0,0,0,0,0,,,,,0.0
2019,South Africa,,,,,,,,,0,0,0,0,0,0,0,,,,,0.0
2020,South Africa,0.0003825836337837824,0.012011484067364332,0.0,0.0,,0.0,0.0003825836337837824,0.0,1,0,0,1,2,1,1,,,,,0.0
2021,South Africa,0.000370166368968546,0.0017155443269520276,,0.0,-0.1601026229138276,0.0,0.000370166368968546,0.0,1,0,0,1,2,1,1,0.0003825836337837824,0.012011484067364332,0.0,0.0,1.0
2022,South Africa,0.00021721644833157515,0.002193962063818237,0.0,0.0,0.0782722779647651,0.0,0.00021721644833157515,0.0,1,0,0,1,2,1,1,0.000370166368968546,0.0017155443269520276,,0.0,1.0
2023,South Africa,0.00013488540325151145,0.0017698702399649648,0.0,0.0,0.20897493987856763,0.0,0.00013488540325151145,0.0,1,0,0,1,2,1,1,0.00021721644833157515,0.002193962063818237,0.0,0.0,1.0
2024,South Africa,0.00029484227957510403,0.01186893214999286,0.0,0.0,0.06357570035164706,0.0,0.00029484227957510403,0.0,1,0,0,1,2,1,1,0.00013488540325151145,0.0017698702399649648,0.0,0.0,1.0
2004,Tanzania,0.1590461948807331,0.02716103177589838,0.020065020660002434,1.2858576455597588,,0.028945627832394846,0.9576838519281428,0.94968076984222,0,0,0,0,0,0,0,,,,,
2005,Tanzania,1.0,0.005767394704032347,,0.16335486024652074,5251.054865086125,0.07599935916894175,1.0,0.0,0,0,0,1,1,0,1,0.1590461948807331,0.02716103177589838,0.020065020660002434,1.2858576455597588,0.0
2006,Tanzania,0.11670747095975158,0.0,,0.0,0.22223052612317518,0.10230561861578408,0.11670747095975158,0.0,0,1,0,1,2,1,1,1.0,0.005767394704032347,,0.16335486024652074,0.0
2007,Tanzania,0.119442630621407,0.002185700544481996,,0.22122177850969502,0.18817340048335107,0.11224099891783074,0.119442630621407,0.0,0,0,0,0,0,0,0,0.11670747095975158,0.0,,0.0,1.0
2008,Tanzania,0.27813861943806034,0.030342443052540843,,0.5155483620958236,-0.623758697531958,0.19931965818891878,0.27813861943806034,0.0,0,0,0,0,0,0,0,0.119442630621407,0.002185700544481996,,0.22122177850969502,0.0
2009,Tanzania,,0.23390792415153464,,,-1.0,,,,0,0,0,0,0,0,0,0.27813861943806034,0.030342443052540843,,0.5155483620958236,0.0
2010,Tanzania,0.10282117328484766,0.0,,0.0,,1.990362839707389,0.10282117328484766,0.0,0,1,0,1,2,1,1,,0.23390792415153464,,,0.0
2011,Tanzania,0.17320648278287878,0.08909988185974753,,0.14365743670514336,0.15641289992595087,0.18728507861931895,0.17320648278287878,0.0,0,0,0,1,1,0,1,0.10282117328484766,0.0,,0.0,1.0
2012,Tanzania,0.1335319705786967,0.08127331361564127,,0.16898692914727262,0.0443166015583043,0.009453410476184665,0.1335319705786967,0.0,0,0,0,1,1,0,1,0.17320648278287878,0.08909988185974753,,0.14365743670514336,0.0
2013,Tanzania,0.10900445657723591,0.0,,0.17269365932706768,0.13774091542325473,0.08551412258110111,0.10900445657723591,0.0,0,1,0,1,2,1,1,0.1335319705786967,0.08127331361564127,,0.16898692914727262,0.0
2014,Tanzania,0.0,0.01795392348882217,,0.17027802722397953,0.11981542035702941,0.2650177172162301,0.0,0.0,1,0,0,1,2,1,1,0.10900445657723591,0.0,,0.17269365932706768,1.0
2015,Tanzania,,0.0,,,-1.0,,,,0,1,0,0,1,0,1,0.0,0.01795392348882217,,0.17027802722397953,1.0
2016,Tanzania,,,,,,,,,0,0,0,0,0,0,0,,0.0,,,0.0
2017,Tanzania,,,,,,,,,0,0,0,0,0,0,0,,,,,0.0
2018,Tanzania,,,,,,,,,0,0,0,0,0,0,0,,,,,0.0
2019,Tanzania,0.12786986372643275,0.015564076995048791,,0.3102478101663558,,0.2628239081447178,0.12786986372643275,0.0,0,0,0,1,1,0,1,,,,,0.0
2020,Tanzania,0.1174818339846425,0.005435693525490139,,0.6696816276346877,0.06190240534345115,0.2510541626791084,0.1174818339846425,0.0,0,0,0,1,1,0,1,0.12786986372643275,0.015564076995048791,,0.3102478101663558,0.0
2021,Tanzania,0.10692012401557718,0.014066112674574766,,0.6357313957974242,0.09723535486818147,0.21675884652539593,0.10692012401557718,0.0,0,0,0,1,1,0,1,0.1174818339846425,0.005435693525490139,,0.6696816276346877,0.0
2022,Tanzania,0.07294970732327882,0.0031388659819733106,,0.4555810733863965,0.06937614696893024,0.21764630624648917,0.07294970732327882,0.0,0,0,0,1,1,0,1,0.10692012401557718,0.014066112674574766,,0.6357313957974242,0.0
2023,Tanzania,0.05968015434582546,0.0028709033917930318,,0.5189104404014796,0.14375595466891156,0.25326790981769826,0.05968015434582546,0.0,0,0,0,1,1,0,1,0.07294970732327882,0.0031388659819733106,,0.4555810733863965,0.0
2024,Tanzania,0.09673259747004195,0.04410742477458298,,0.503355313568827,0.08688627454639697,0.1997639531204223,0.09673259747004195,0.0,0,0,0,0,0,0,0,0.05968015434582546,0.0028709033917930318,,0.5189104404014796,0.0
2004,Zambia,0.0200874106474277,,0.0,0.3864461944825742,,0.09699424865043776,0.09002274389396785,5.5907601052988907e-05,1,0,0,0,1,0,1,,,,,
2005,Zambia,0.00020314739576957985,-0.033292566248409365,0.0,0.484602930276808,-0.15698468216653283,0.13525604378056372,0.09028409230478701,0.00029792354028086883,1,1,0,0,2,1,1,0.0200874106474277,,0.0,0.3864461944825742,0.0
2006,Zambia,1.0,0.05456070879288333,0.0,0.2878053589481708,-0.19992305274152078,0.30029302768372435,1.1433517858410556,0.0008628711856587123,0,0,0,1,1,0,1,0.00020314739576957985,-0.033292566248409365,0.0,0.484602930276808,1.0
2007,Zambia,1.0,-0.03526301651355394,0.0,0.32368242396083796,0.23574179754681657,0.22973250348955424,1.2051240629028186,0.0006036104187892483,0,1,0,1,2,1,1,1.0,0.05456070879288333,0.0,0.2878053589481708,0.0
2008,Zambia,0.0883534609697421,0.05036432582631792,0.0,0.5026865604763884,0.08556591486431753,0.0022833957217155425,0.2833982344024981,0.009036870125035935,0,0,0,0,0,0,0,1.0,-0.03526301651355394,0.0,0.32368242396083796,1.0
2009,Zambia,0.022823494814833256,-0.007655656494910714,0.0,0.5247393793396161,0.644550859622097,0.14842863919557017,0.23399088135973015,0.09583996302157304,1,1,0,0,2,1,1,0.0883534609697421,0.05036432582631792,0.0,0.5026865604763884,0.0
2010,Zambia,0.008517221527620047,-0.011913340738421485,0.0,0.5885856571318915,0.0,0.14577469757165382,0.24574743748169378,0.08543768520838399,1,1,0,0,2,1,1,0.022823494814833256,-0.007655656494910714,0.0,0.5247393793396161,1.0
2011,Zambia,0.01193749571904215,0.007949346888026754,0.0,0.5913737767201525,0.1890707968862928,0.11286817339693245,0.3270590067723457,0.09910585996640915,1,0,0,0,1,0,1,0.008517221527620047,-0.011913340738421485,0.0,0.5885856571318915,1.0
2012,Zambia,0.011657821033109906,0.001462338531880863,0.0,0.6748802069868972,0.2239176886684484,0.19883720190402915,0.28920640107076434,0.040395051075142435,1,0,0,0,1,0,1,0.01193749571904215,0.007949346888026754,0.0,0.5913737767201525,0.0
2013,Zambia,0.046910936056414825,0.016380379626061738,0.0,0.6026269925583372,-0.008586418437760424,0.22699446488092648,0.20975384505311082,0.04612652300282027,0,0,0,1,1,0,1,0.011657821033109906,0.001462338531880863,0.0,0.6748802069868972,0.0
2014,Zambia,0.06385874263731138,0.031014621422960898,0.0,0.6437742165955753,0.21338255561325226,0.27373549280794973,0.3573044374746407,0.27075843667039506,0,0,0,1,1,0,1,0.046910936056414825,0.016380379626061738,0.0,0.6026269925583372,0.0
2015,Zambia,0.25340815059055294,0.27933549148318915,0.0,0.6951270473587359,0.574552357219209,0.27626816465914616,0.5327690831456352,0.27527854462741524,0,0,0,1,1,0,1,0.06385874263731138,0.031014621422960898,0.0,0.6437742165955753,0.0
2017,Zambia,0.17186090570597798,0.027711047102760906,0.0,0.39726461689863846,0.0059306980710835955,0.17262808597458523,0.3763526816371072,0.16841134311041542,0,0,0,0,0,0,0,0.25340815059055294,0.27933549148318915,0.0,0.6951270473587359,0.0
2018,Zambia,0.21740390364443526,0.06946931863217251,0.0,0.428588890965697,0.026804067517166352,0.13962330092983483,0.36306668787609536,0.1376193963187618,0,0,0,0,0,0,0,0.17186090570597798,0.027711047102760906,0.0,0.39726461689863846,0.0
2019,Zambia,0.20262708748390648,0.05409479486579607,0.0,0.3518268627665739,0.20021315022114083,0.18319914622393452,0.386638649284833,0.18029170797170926,0,0,0,0,0,0,0,0.21740390364443526,0.06946931863217251,0.0,0.428588890965697,0.0
2020,Zambia,0.183236277750641,0.09514585488856671,0.0,0.2882951092946502,0.517706851517648,0.21206540686903202,0.38854113379275707,0.2106039696786022,0,0,0,1,1,0,1,0.20262708748390648,0.05409479486579607,0.0,0.3518268627665739,0.0
2021,Zambia,0.9514074394078241,0.013857943445933248,0.0,0.3807910136838231,0.360501378722877,0.07012096942190194,1.1621195727857827,0.16068149354271483,0,0,0,0,0,0,0,0.183236277750641,0.09514585488856671,0.0,0.2882951092946502,0.0
2022,Zambia,0.1172560890843715,0.030679481452995636,0.0,0.45298280985311995,-0.014241847021442267,0.21344375941358498,0.4769581124795151,0.21191585756011505,0,0,0,1,1,0,1,0.9514074394078241,0.013857943445933248,0.0,0.3807910136838231,0.0
2023,Zambia,0.19800423997597225,0.05971281963234244,0.0,0.5292084974038486,0.30763527081532405,0.342741766078108,0.49824190402286916,0.3208914395673686,0,0,0,1,1,0,1,0.1172560890843715,0.030679481452995636,0.0,0.45298280985311995,0.0
2024,Zambia,0.18246839021657987,0.03711431060379399,0.0,0.5815783999635052,0.2707262697134951,0.3627129775865504,0.507019529409662,0.36120625931627504,0,0,0,1,1,0,1,0.19800423997597225,0.05971281963234244,0.0,0.5292084974038486,0.0
