iteration,Model,AUC,Winner
1,STRUCT,0.8780906593406594,True
1,HYBRID,0.5,False
1,LOGIT,0.6988324175824177,False
2,STRUCT,0.9047619047619048,True
2,HYBRID,0.5,False
2,LOGIT,0.6428571428571428,False
3,STRUCT,0.8066638370118846,True
3,HYBRID,0.5,False
3,LOGIT,0.6873938879456707,False
4,STRUCT,0.7780898876404494,True
4,HYBRID,0.5,False
4,LOGIT,0.4525593008739076,False
5,STRUCT,0.7412008281573499,True
5,HYBRID,0.5,False
5,LOGIT,0.4505693581780539,False
6,STRUCT,0.8607419712070875,True
6,HYBRID,0.5,False
6,LOGIT,0.5966223698781838,False
7,STRUCT,0.8368473895582329,True
7,HYBRID,0.5,False
7,LOGIT,0.446285140562249,False
8,STRUCT,0.8360975609756097,True
8,HYBRID,0.5,False
8,LOGIT,0.6126829268292683,False
9,STRUCT,0.7716577540106951,True
9,HYBRID,0.5,False
9,LOGIT,0.6045454545454545,False
10,STRUCT,0.80995670995671,True
10,HYBRID,0.5,False
10,LOGIT,0.6255411255411256,False
11,STRUCT,0.8262108262108262,True
11,HYBRID,0.5,False
11,LOGIT,0.5878442545109213,False
12,STRUCT,0.833170731707317,True
12,HYBRID,0.5,False
12,LOGIT,0.5341463414634147,False
13,STRUCT,0.8461298377028714,True
13,HYBRID,0.5,False
13,LOGIT,0.4803370786516854,False
14,STRUCT,0.8767379679144385,True
14,HYBRID,0.5,False
14,LOGIT,0.5280748663101604,False
15,STRUCT,0.808641975308642,True
15,HYBRID,0.5,False
15,LOGIT,0.5104463437796771,False
16,STRUCT,0.7854374307862679,True
16,HYBRID,0.5,False
16,LOGIT,0.5130121816168328,False
17,STRUCT,0.8468875502008033,True
17,HYBRID,0.5,False
17,LOGIT,0.5572289156626506,False
18,STRUCT,0.9114434947768282,True
18,HYBRID,0.5,False
18,LOGIT,0.46153846153846156,False
19,STRUCT,0.8674698795180723,True
19,HYBRID,0.5,False
19,LOGIT,0.5622489959839357,False
20,STRUCT,0.8408488063660478,True
20,HYBRID,0.5,False
20,LOGIT,0.5623342175066313,False
21,STRUCT,0.8743078626799556,True
21,HYBRID,0.5,False
21,LOGIT,0.6146179401993356,False
22,STRUCT,0.807754010695187,True
22,HYBRID,0.5,False
22,LOGIT,0.503475935828877,False
23,STRUCT,0.8851674641148326,True
23,HYBRID,0.5,False
23,LOGIT,0.6632775119617225,False
24,STRUCT,0.8591507177033493,True
24,HYBRID,0.5,False
24,LOGIT,0.4775717703349282,False
25,STRUCT,0.9152823920265781,True
25,HYBRID,0.5,False
25,LOGIT,0.5653377630121816,False
26,STRUCT,0.8701329534662868,True
26,HYBRID,0.5,False
26,LOGIT,0.6255935422602089,False
27,STRUCT,0.8386044176706827,True
27,HYBRID,0.5,False
27,LOGIT,0.5878514056224899,False
28,STRUCT,0.82281284606866,True
28,HYBRID,0.5,False
28,LOGIT,0.5445736434108527,False
29,STRUCT,0.7398325358851675,True
29,HYBRID,0.5,False
29,LOGIT,0.6543062200956937,False
30,STRUCT,0.8434265010351967,True
30,HYBRID,0.5,False
30,LOGIT,0.6677018633540373,False
31,STRUCT,0.8441306755260244,True
31,HYBRID,0.5,False
31,LOGIT,0.5661683277962347,False
32,STRUCT,0.8830741626794258,True
32,HYBRID,0.5,False
32,LOGIT,0.4668062200956937,False
33,STRUCT,0.8539156626506025,True
33,HYBRID,0.5,False
33,LOGIT,0.526355421686747,False
34,STRUCT,0.840531561461794,True
34,HYBRID,0.5,False
34,LOGIT,0.5581395348837209,False
35,STRUCT,0.8707317073170732,True
35,HYBRID,0.5,False
35,LOGIT,0.5704878048780487,False
36,STRUCT,0.8090277777777777,True
36,HYBRID,0.5,False
36,LOGIT,0.6349537037037036,False
37,STRUCT,0.7988245931283906,True
37,HYBRID,0.5,False
37,LOGIT,0.5886075949367089,False
38,STRUCT,0.7397088353413654,True
38,HYBRID,0.5,False
38,LOGIT,0.42093373493975905,False
39,STRUCT,0.7644927536231884,True
39,HYBRID,0.5,False
39,LOGIT,0.5460144927536232,False
40,STRUCT,0.8865942028985507,True
40,HYBRID,0.5,False
40,LOGIT,0.4844202898550725,False
41,STRUCT,0.9029338327091136,True
41,HYBRID,0.5,False
41,LOGIT,0.4778401997503121,False
42,STRUCT,0.9013732833957553,True
42,HYBRID,0.5,False
42,LOGIT,0.6385767790262172,False
43,STRUCT,0.7266203703703704,True
43,HYBRID,0.5,False
43,LOGIT,0.5662037037037037,False
44,STRUCT,0.8175200803212852,True
44,HYBRID,0.5,False
44,LOGIT,0.5373995983935743,False
45,STRUCT,0.8473856209150327,True
45,HYBRID,0.5,False
45,LOGIT,0.6035947712418301,False
46,STRUCT,0.8809756097560977,True
46,HYBRID,0.5,False
46,LOGIT,0.598048780487805,False
47,STRUCT,0.8181818181818182,True
47,HYBRID,0.5,False
47,LOGIT,0.5302139037433155,False
48,STRUCT,0.8149732620320855,True
48,HYBRID,0.5,False
48,LOGIT,0.45133689839572194,False
49,STRUCT,0.8839572192513369,True
49,HYBRID,0.5,False
49,LOGIT,0.5427807486631016,False
50,STRUCT,0.8938253012048193,True
50,HYBRID,0.5,False
50,LOGIT,0.7018072289156626,False
51,STRUCT,0.9054112554112554,True
51,HYBRID,0.5,False
51,LOGIT,0.564069264069264,False
52,STRUCT,0.8447106690777577,True
52,HYBRID,0.5,False
52,LOGIT,0.4749095840867992,False
53,STRUCT,0.8287037037037037,True
53,HYBRID,0.5,False
53,LOGIT,0.5865740740740741,False
54,STRUCT,0.8935828877005347,True
54,HYBRID,0.5,False
54,LOGIT,0.46844919786096256,False
55,STRUCT,0.7915959252971138,True
55,HYBRID,0.5,False
55,LOGIT,0.6027164685908319,False
56,STRUCT,0.8269230769230769,True
56,HYBRID,0.5,False
56,LOGIT,0.5330009496676164,False
57,STRUCT,0.8289473684210527,True
57,HYBRID,0.5,False
57,LOGIT,0.597488038277512,False
58,STRUCT,0.8392156862745097,True
58,HYBRID,0.5,False
58,LOGIT,0.47516339869281043,False
59,STRUCT,0.7342245989304813,True
59,HYBRID,0.5,False
59,LOGIT,0.7213903743315508,False
60,STRUCT,0.7662337662337663,True
60,HYBRID,0.5,False
60,LOGIT,0.6071428571428571,False
61,STRUCT,0.8279569892473118,True
61,HYBRID,0.5,False
61,LOGIT,0.5168970814132104,False
62,STRUCT,0.8371320037986705,True
62,HYBRID,0.5,False
62,LOGIT,0.5835707502374169,False
63,STRUCT,0.8470731707317073,True
63,HYBRID,0.5,False
63,LOGIT,0.5221951219512195,False
64,STRUCT,0.878323932312651,True
64,HYBRID,0.5,False
64,LOGIT,0.41740531829170024,False
65,STRUCT,0.8304597701149425,True
65,HYBRID,0.5,False
65,LOGIT,0.4994252873563218,False
66,STRUCT,0.8687707641196013,True
66,HYBRID,0.5,False
66,LOGIT,0.5974529346622369,False
67,STRUCT,0.7176079734219268,True
67,HYBRID,0.5,False
67,LOGIT,0.4568106312292358,False
68,STRUCT,0.805622009569378,True
68,HYBRID,0.5,False
68,LOGIT,0.597188995215311,False
69,STRUCT,0.8935705368289637,True
69,HYBRID,0.5,False
69,LOGIT,0.5062421972534332,False
70,STRUCT,0.8126780626780628,True
70,HYBRID,0.5,False
70,LOGIT,0.6764007597340931,False
71,STRUCT,0.8942528735632185,True
71,HYBRID,0.5,False
71,LOGIT,0.5758620689655173,False
72,STRUCT,0.8190243902439024,True
72,HYBRID,0.5,False
72,LOGIT,0.5458536585365854,False
73,STRUCT,0.7680831826401447,True
73,HYBRID,0.5,False
73,LOGIT,0.5872513562386981,False
74,STRUCT,0.8739316239316239,True
74,HYBRID,0.5,False
74,LOGIT,0.461301044634378,False
75,STRUCT,0.8253588516746412,True
75,HYBRID,0.5,False
75,LOGIT,0.6166267942583732,False
76,STRUCT,0.9268292682926829,True
76,HYBRID,0.5,False
76,LOGIT,0.6160975609756099,False
77,STRUCT,0.8117386489479513,True
77,HYBRID,0.5,False
77,LOGIT,0.5337763012181617,False
78,STRUCT,0.7618845500848895,True
78,HYBRID,0.5,False
78,LOGIT,0.47198641765704585,False
79,STRUCT,0.9247815230961298,True
79,HYBRID,0.5,False
79,LOGIT,0.6039325842696629,False
80,STRUCT,0.8063414634146342,True
80,HYBRID,0.5,False
80,LOGIT,0.5443902439024391,False
81,STRUCT,0.7987637362637363,True
81,HYBRID,0.5,False
81,LOGIT,0.5995879120879121,False
82,STRUCT,0.7838855421686747,True
82,HYBRID,0.5,False
82,LOGIT,0.5258534136546185,False
83,STRUCT,0.8197560975609756,True
83,HYBRID,0.5,False
83,LOGIT,0.5402439024390244,False
84,STRUCT,0.8620833333333333,True
84,HYBRID,0.5,False
84,LOGIT,0.5879166666666666,False
85,STRUCT,0.7735943775100401,True
85,HYBRID,0.5,False
85,LOGIT,0.48694779116465864,False
86,STRUCT,0.8474537037037037,True
86,HYBRID,0.5,False
86,LOGIT,0.5594907407407408,False
87,STRUCT,0.8910455486542443,True
87,HYBRID,0.5,False
87,LOGIT,0.687111801242236,False
88,STRUCT,0.831045751633987,True
88,HYBRID,0.5,False
88,LOGIT,0.5532679738562092,False
89,STRUCT,0.8255693581780538,True
89,HYBRID,0.5,False
89,LOGIT,0.5561594202898551,False
90,STRUCT,0.886096256684492,True
90,HYBRID,0.5,False
90,LOGIT,0.6596256684491979,False
91,STRUCT,0.8316993464052287,True
91,HYBRID,0.5,False
91,LOGIT,0.5346405228758171,False
92,STRUCT,0.7929268292682926,True
92,HYBRID,0.5,False
92,LOGIT,0.6104878048780488,False
93,STRUCT,0.8388615888615889,True
93,HYBRID,0.5,False
93,LOGIT,0.5135135135135135,False
94,STRUCT,0.7971264367816091,True
94,HYBRID,0.5,False
94,LOGIT,0.6488505747126437,False
95,STRUCT,0.7942583732057417,True
95,HYBRID,0.5,False
95,LOGIT,0.6363636363636364,False
96,STRUCT,0.8826466916354556,True
96,HYBRID,0.5,False
96,LOGIT,0.6161048689138576,False
97,STRUCT,0.8534146341463414,True
97,HYBRID,0.5,False
97,LOGIT,0.4919512195121951,False
98,STRUCT,0.8267973856209151,True
98,HYBRID,0.5,False
98,LOGIT,0.5862745098039216,False
99,STRUCT,0.8636574074074075,True
99,HYBRID,0.5,False
99,LOGIT,0.5766203703703703,False
100,STRUCT,0.7700803212851406,True
100,HYBRID,0.5,False
100,LOGIT,0.4626004016064257,False
101,STRUCT,0.7749169435215947,True
101,HYBRID,0.5,False
101,LOGIT,0.5141196013289037,False
102,STRUCT,0.7454022988505747,True
102,HYBRID,0.5,False
102,LOGIT,0.6005747126436781,False
103,STRUCT,0.7452083333333334,True
103,HYBRID,0.5,False
103,LOGIT,0.4810416666666667,False
104,STRUCT,0.8154761904761905,True
104,HYBRID,0.5,False
104,LOGIT,0.6022256728778468,False
105,STRUCT,0.8087975243147657,True
105,HYBRID,0.5,False
105,LOGIT,0.6014588859416445,False
106,STRUCT,0.8320848938826467,True
106,HYBRID,0.5,False
106,LOGIT,0.6454431960049938,False
107,STRUCT,0.865605658709107,True
107,HYBRID,0.5,False
107,LOGIT,0.6193633952254641,False
108,STRUCT,0.8140522875816993,True
108,HYBRID,0.5,False
108,LOGIT,0.5447712418300653,False
109,STRUCT,0.8114942528735632,True
109,HYBRID,0.5,False
109,LOGIT,0.5227011494252873,False
110,STRUCT,0.8892682926829268,True
110,HYBRID,0.5,False
110,LOGIT,0.7004878048780488,False
111,STRUCT,0.8689189189189189,True
111,HYBRID,0.5,False
111,LOGIT,0.5463320463320464,False
112,STRUCT,0.8855614973262032,True
112,HYBRID,0.5,False
112,LOGIT,0.56951871657754,False
113,STRUCT,0.8253658536585365,True
113,HYBRID,0.5,False
113,LOGIT,0.6321951219512195,False
114,STRUCT,0.8119979919678715,True
114,HYBRID,0.5,False
114,LOGIT,0.5926204819277109,False
115,STRUCT,0.8941387559808611,True
115,HYBRID,0.5,False
115,LOGIT,0.5469497607655501,False
116,STRUCT,0.8035714285714285,True
116,HYBRID,0.5,False
116,LOGIT,0.6407867494824017,False
117,STRUCT,0.7954545454545454,True
117,HYBRID,0.5,False
117,LOGIT,0.5791443850267379,False
118,STRUCT,0.8186781609195403,True
118,HYBRID,0.5,False
118,LOGIT,0.6002873563218392,False
119,STRUCT,0.8662008281573499,True
119,HYBRID,0.5,False
119,LOGIT,0.5075051759834368,False
120,STRUCT,0.8719512195121951,True
120,HYBRID,0.5,False
120,LOGIT,0.4704878048780488,False
121,STRUCT,0.8241379310344827,True
121,HYBRID,0.5,False
121,LOGIT,0.506896551724138,False
122,STRUCT,0.8005698005698005,True
122,HYBRID,0.5,False
122,LOGIT,0.6752136752136753,False
123,STRUCT,0.8382183908045977,True
123,HYBRID,0.5,False
123,LOGIT,0.47729885057471266,False
124,STRUCT,0.8916666666666666,True
124,HYBRID,0.5,False
124,LOGIT,0.5813218390804598,False
125,STRUCT,0.801994301994302,True
125,HYBRID,0.5,False
125,LOGIT,0.5783475783475783,False
126,STRUCT,0.7757475083056478,True
126,HYBRID,0.5,False
126,LOGIT,0.5382059800664452,False
127,STRUCT,0.8445402298850576,True
127,HYBRID,0.5,False
127,LOGIT,0.6410919540229885,False
128,STRUCT,0.7919254658385093,True
128,HYBRID,0.5,False
128,LOGIT,0.5489130434782609,False
129,STRUCT,0.8628364389233956,True
129,HYBRID,0.5,False
129,LOGIT,0.5957556935817806,False
130,STRUCT,0.8002008032128514,True
130,HYBRID,0.5,False
130,LOGIT,0.6410642570281124,False
131,STRUCT,0.786875,True
131,HYBRID,0.5,False
131,LOGIT,0.5247916666666667,False
132,STRUCT,0.8292464114832536,True
132,HYBRID,0.5,False
132,LOGIT,0.3818779904306219,False
133,STRUCT,0.807754010695187,True
133,HYBRID,0.5,False
133,LOGIT,0.638235294117647,False
134,STRUCT,0.8495121951219512,True
134,HYBRID,0.5,False
134,LOGIT,0.6170731707317073,False
135,STRUCT,0.902811004784689,True
135,HYBRID,0.5,False
135,LOGIT,0.6360645933014354,False
136,STRUCT,0.7608796296296296,True
136,HYBRID,0.5,False
136,LOGIT,0.6273148148148149,False
137,STRUCT,0.8,True
137,HYBRID,0.5,False
137,LOGIT,0.4685185185185185,False
138,STRUCT,0.8381555153707052,True
138,HYBRID,0.5,False
138,LOGIT,0.581374321880651,False
139,STRUCT,0.8752587991718427,True
139,HYBRID,0.5,False
139,LOGIT,0.5595238095238095,False
140,STRUCT,0.8198757763975156,True
140,HYBRID,0.5,False
140,LOGIT,0.6904761904761905,False
141,STRUCT,0.8490054249547921,True
141,HYBRID,0.5,False
141,LOGIT,0.6577757685352622,False
142,STRUCT,0.808641975308642,True
142,HYBRID,0.5,False
142,LOGIT,0.5595916429249763,False
143,STRUCT,0.8626829268292684,True
143,HYBRID,0.5,False
143,LOGIT,0.6497560975609756,False
144,STRUCT,0.8708452041785375,True
144,HYBRID,0.5,False
144,LOGIT,0.5629154795821463,False
145,STRUCT,0.9066265060240964,True
145,HYBRID,0.5,False
145,LOGIT,0.5630020080321285,False
146,STRUCT,0.7784090909090909,True
146,HYBRID,0.5,False
146,LOGIT,0.5242224880382775,False
147,STRUCT,0.8502214839424141,True
147,HYBRID,0.5,False
147,LOGIT,0.5999446290143965,False
148,STRUCT,0.8502439024390244,True
148,HYBRID,0.5,False
148,LOGIT,0.6346341463414634,False
149,STRUCT,0.7259615384615385,True
149,HYBRID,0.5,False
149,LOGIT,0.6806318681318682,False
150,STRUCT,0.8339572192513368,True
150,HYBRID,0.5,False
150,LOGIT,0.6532085561497326,False
151,STRUCT,0.7847593582887701,True
151,HYBRID,0.5,False
151,LOGIT,0.5628342245989305,False
152,STRUCT,0.8564593301435406,True
152,HYBRID,0.5,False
152,LOGIT,0.5741626794258373,False
153,STRUCT,0.8938826466916354,True
153,HYBRID,0.5,False
153,LOGIT,0.5243445692883895,False
154,STRUCT,0.8609625668449198,True
154,HYBRID,0.5,False
154,LOGIT,0.6780748663101605,False
155,STRUCT,0.80070281124498,True
155,HYBRID,0.5,False
155,LOGIT,0.617218875502008,False
156,STRUCT,0.8795121951219512,True
156,HYBRID,0.5,False
156,LOGIT,0.6331707317073171,False
157,STRUCT,0.8520833333333333,True
157,HYBRID,0.5,False
157,LOGIT,0.5870833333333334,False
158,STRUCT,0.8079710144927537,True
158,HYBRID,0.5,False
158,LOGIT,0.5636645962732919,False
159,STRUCT,0.8273170731707317,True
159,HYBRID,0.5,False
159,LOGIT,0.6795121951219513,False
160,STRUCT,0.8734643734643736,True
160,HYBRID,0.5,False
160,LOGIT,0.5798525798525799,False
161,STRUCT,0.8820833333333333,True
161,HYBRID,0.5,False
161,LOGIT,0.5408333333333334,False
162,STRUCT,0.875299043062201,True
162,HYBRID,0.5,False
162,LOGIT,0.5322966507177033,False
163,STRUCT,0.8919540229885058,True
163,HYBRID,0.5,False
163,LOGIT,0.5982758620689655,False
164,STRUCT,0.8845193508114856,True
164,HYBRID,0.5,False
164,LOGIT,0.5337078651685393,False
165,STRUCT,0.8418674698795181,True
165,HYBRID,0.5,False
165,LOGIT,0.5155622489959839,False
166,STRUCT,0.7624584717607974,True
166,HYBRID,0.5,False
166,LOGIT,0.6708194905869325,False
167,STRUCT,0.7609211775878443,True
167,HYBRID,0.5,False
167,LOGIT,0.49002849002849,False
168,STRUCT,0.8915032679738563,True
168,HYBRID,0.5,False
168,LOGIT,0.5509803921568628,False
169,STRUCT,0.8354430379746834,True
169,HYBRID,0.5,False
169,LOGIT,0.4891500904159132,False
170,STRUCT,0.8463414634146341,True
170,HYBRID,0.5,False
170,LOGIT,0.5287804878048781,False
171,STRUCT,0.7708333333333334,True
171,HYBRID,0.5,False
171,LOGIT,0.6074074074074074,False
172,STRUCT,0.8773923444976075,True
172,HYBRID,0.5,False
172,LOGIT,0.5287081339712918,False
173,STRUCT,0.8776595744680851,True
173,HYBRID,0.5,False
173,LOGIT,0.6423895253682488,False
174,STRUCT,0.8363453815261044,True
174,HYBRID,0.5,False
174,LOGIT,0.6149598393574298,False
175,STRUCT,0.825497287522604,True
175,HYBRID,0.5,False
175,LOGIT,0.6765370705244124,False
176,STRUCT,0.8134920634920635,True
176,HYBRID,0.5,False
176,LOGIT,0.4932539682539683,False
177,STRUCT,0.8824390243902439,True
177,HYBRID,0.5,False
177,LOGIT,0.5585365853658537,False
178,STRUCT,0.8120689655172414,True
178,HYBRID,0.5,False
178,LOGIT,0.5459770114942528,False
179,STRUCT,0.7944297082228117,True
179,HYBRID,0.5,False
179,LOGIT,0.48231653404067193,False
180,STRUCT,0.7223145071982282,True
180,HYBRID,0.5,False
180,LOGIT,0.5534330011074197,False
181,STRUCT,0.8354037267080745,True
181,HYBRID,0.5,False
181,LOGIT,0.5248447204968945,False
182,STRUCT,0.7463768115942029,True
182,HYBRID,0.5,False
182,LOGIT,0.7419772256728779,False
183,STRUCT,0.8623188405797101,True
183,HYBRID,0.5,False
183,LOGIT,0.5745341614906831,False
184,STRUCT,0.7522148394241418,True
184,HYBRID,0.5,False
184,LOGIT,0.6611295681063123,False
185,STRUCT,0.9046184738955824,True
185,HYBRID,0.5,False
185,LOGIT,0.5938755020080321,False
186,STRUCT,0.8327796234772978,True
186,HYBRID,0.5,False
186,LOGIT,0.6334440753045405,False
187,STRUCT,0.8928212851405621,True
187,HYBRID,0.5,False
187,LOGIT,0.6664156626506025,False
188,STRUCT,0.8430481283422459,True
188,HYBRID,0.5,False
188,LOGIT,0.5745989304812834,False
189,STRUCT,0.9058536585365854,True
189,HYBRID,0.5,False
189,LOGIT,0.546829268292683,False
190,STRUCT,0.8602335164835165,True
190,HYBRID,0.5,False
190,LOGIT,0.5219780219780219,False
191,STRUCT,0.7491694352159468,True
191,HYBRID,0.5,False
191,LOGIT,0.6207087486157253,False
192,STRUCT,0.8297385620915033,True
192,HYBRID,0.5,False
192,LOGIT,0.6941176470588235,False
193,STRUCT,0.8651635720601238,True
193,HYBRID,0.5,False
193,LOGIT,0.6158267020335986,False
194,STRUCT,0.8958333333333333,True
194,HYBRID,0.5,False
194,LOGIT,0.580324074074074,False
195,STRUCT,0.8028735632183909,True
195,HYBRID,0.5,False
195,LOGIT,0.6626436781609195,False
196,STRUCT,0.9082887700534759,True
196,HYBRID,0.5,False
196,LOGIT,0.5775401069518716,False
197,STRUCT,0.8346405228758169,True
197,HYBRID,0.5,False
197,LOGIT,0.6588235294117647,False
198,STRUCT,0.8423694779116465,True
198,HYBRID,0.5,False
198,LOGIT,0.5316265060240964,False
199,STRUCT,0.8361423220973783,True
199,HYBRID,0.5,False
199,LOGIT,0.6916354556803995,False
200,STRUCT,0.8206521739130435,True
200,HYBRID,0.5,False
200,LOGIT,0.49818840579710144,False
201,STRUCT,0.8468660968660969,True
201,HYBRID,0.5,False
201,LOGIT,0.537037037037037,False
202,STRUCT,0.7567811934900542,True
202,HYBRID,0.5,False
202,LOGIT,0.5189873417721519,False
203,STRUCT,0.8175287356321839,True
203,HYBRID,0.5,False
203,LOGIT,0.5077586206896552,False
204,STRUCT,0.778735632183908,True
204,HYBRID,0.5,False
204,LOGIT,0.4818965517241379,False
205,STRUCT,0.9416208791208791,True
205,HYBRID,0.5,False
205,LOGIT,0.5333104395604396,False
206,STRUCT,0.9130434782608695,True
206,HYBRID,0.5,False
206,LOGIT,0.679089026915114,False
207,STRUCT,0.9228778467908902,True
207,HYBRID,0.5,False
207,LOGIT,0.4741200828157349,False
208,STRUCT,0.7879016064257028,True
208,HYBRID,0.5,False
208,LOGIT,0.5978915662650602,False
209,STRUCT,0.7552710843373494,True
209,HYBRID,0.5,False
209,LOGIT,0.5373995983935742,False
210,STRUCT,0.8658045977011494,True
210,HYBRID,0.5,False
210,LOGIT,0.5755747126436781,False
211,STRUCT,0.8648947951273532,True
211,HYBRID,0.5,False
211,LOGIT,0.5586932447397563,False
212,STRUCT,0.861764705882353,True
212,HYBRID,0.5,False
212,LOGIT,0.6537433155080213,False
213,STRUCT,0.7560240963855421,True
213,HYBRID,0.5,False
213,LOGIT,0.6410642570281124,False
214,STRUCT,0.7831937799043062,True
214,HYBRID,0.5,False
214,LOGIT,0.590011961722488,False
215,STRUCT,0.7883022774327123,True
215,HYBRID,0.5,False
215,LOGIT,0.5916149068322981,False
216,STRUCT,0.8962962962962963,True
216,HYBRID,0.5,False
216,LOGIT,0.6106481481481482,False
217,STRUCT,0.860645933014354,True
217,HYBRID,0.5,False
217,LOGIT,0.6626794258373205,False
218,STRUCT,0.723529411764706,True
218,HYBRID,0.5,False
218,LOGIT,0.5235294117647059,False
219,STRUCT,0.8302277432712215,True
219,HYBRID,0.5,False
219,LOGIT,0.5517598343685299,False
220,STRUCT,0.8918300653594772,True
220,HYBRID,0.5,False
220,LOGIT,0.6421568627450981,False
221,STRUCT,0.7782526115859448,True
221,HYBRID,0.5,False
221,LOGIT,0.6590693257359924,False
222,STRUCT,0.8120915032679739,True
222,HYBRID,0.5,False
222,LOGIT,0.43366013071895426,False
223,STRUCT,0.8275362318840579,True
223,HYBRID,0.5,False
223,LOGIT,0.7094202898550726,False
224,STRUCT,0.7864942528735632,True
224,HYBRID,0.5,False
224,LOGIT,0.47586206896551725,False
225,STRUCT,0.8408045977011493,True
225,HYBRID,0.5,False
225,LOGIT,0.5919540229885059,False
226,STRUCT,0.6873706004140786,False
226,HYBRID,0.5,False
226,LOGIT,0.6940993788819876,True
227,STRUCT,0.8165775401069518,True
227,HYBRID,0.5,False
227,LOGIT,0.5133689839572193,False
228,STRUCT,0.7437499999999999,True
228,HYBRID,0.5,False
228,LOGIT,0.5375000000000001,False
229,STRUCT,0.7421296296296296,True
229,HYBRID,0.5,False
229,LOGIT,0.4064814814814815,False
230,STRUCT,0.6764007597340931,True
230,HYBRID,0.5,False
230,LOGIT,0.5738366571699904,False
231,STRUCT,0.8411764705882353,True
231,HYBRID,0.5,False
231,LOGIT,0.5548128342245989,False
232,STRUCT,0.872192513368984,True
232,HYBRID,0.5,False
232,LOGIT,0.5497326203208556,False
233,STRUCT,0.8853820598006644,True
233,HYBRID,0.5,False
233,LOGIT,0.5703211517165006,False
234,STRUCT,0.8095238095238095,True
234,HYBRID,0.5,False
234,LOGIT,0.6935817805383023,False
235,STRUCT,0.922203765227021,True
235,HYBRID,0.5,False
235,LOGIT,0.5584163898117386,False
236,STRUCT,0.7929606625258799,True
236,HYBRID,0.5,False
236,LOGIT,0.6366459627329193,False
237,STRUCT,0.8085648148148148,True
237,HYBRID,0.5,False
237,LOGIT,0.6599537037037038,False
238,STRUCT,0.8717592592592593,True
238,HYBRID,0.5,False
238,LOGIT,0.5333333333333333,False
239,STRUCT,0.8117073170731708,True
239,HYBRID,0.5,False
239,LOGIT,0.5229268292682927,False
240,STRUCT,0.8409266409266409,True
240,HYBRID,0.5,False
240,LOGIT,0.42123552123552127,False
241,STRUCT,0.7857142857142857,True
241,HYBRID,0.5,False
241,LOGIT,0.5996677740863787,False
242,STRUCT,0.7267241379310345,True
242,HYBRID,0.5,False
242,LOGIT,0.5905172413793103,False
243,STRUCT,0.8473084886128365,True
243,HYBRID,0.5,False
243,LOGIT,0.5191511387163561,False
244,STRUCT,0.8564560439560439,True
244,HYBRID,0.5,False
244,LOGIT,0.5728021978021978,False
245,STRUCT,0.7740740740740741,True
245,HYBRID,0.5,False
245,LOGIT,0.5300925925925926,False
246,STRUCT,0.8189368770764119,True
246,HYBRID,0.5,False
246,LOGIT,0.6735880398671096,False
247,STRUCT,0.7839506172839507,True
247,HYBRID,0.5,False
247,LOGIT,0.6339031339031339,False
248,STRUCT,0.8618479221927499,True
248,HYBRID,0.5,False
248,LOGIT,0.6160477453580901,False
249,STRUCT,0.8842746400885936,True
249,HYBRID,0.5,False
249,LOGIT,0.5454042081949059,False
250,STRUCT,0.7331707317073171,True
250,HYBRID,0.5,False
250,LOGIT,0.5248780487804878,False
251,STRUCT,0.8424043062200958,True
251,HYBRID,0.5,False
251,LOGIT,0.49820574162679426,False
252,STRUCT,0.7681034482758621,True
252,HYBRID,0.5,False
252,LOGIT,0.5502873563218391,False
253,STRUCT,0.77659069325736,True
253,HYBRID,0.5,False
253,LOGIT,0.5273029439696106,False
254,STRUCT,0.8164451827242525,True
254,HYBRID,0.5,False
254,LOGIT,0.6010520487264673,False
255,STRUCT,0.8835851648351648,True
255,HYBRID,0.5,False
255,LOGIT,0.5669642857142857,False
256,STRUCT,0.7914438502673796,True
256,HYBRID,0.5,False
256,LOGIT,0.5187165775401069,False
257,STRUCT,0.8187444739168878,True
257,HYBRID,0.5,False
257,LOGIT,0.5397877984084881,False
258,STRUCT,0.8,True
258,HYBRID,0.5,False
258,LOGIT,0.40162037037037035,False
259,STRUCT,0.8580213903743316,True
259,HYBRID,0.5,False
259,LOGIT,0.5612299465240642,False
260,STRUCT,0.8767166042446941,True
260,HYBRID,0.5,False
260,LOGIT,0.6407615480649188,False
261,STRUCT,0.806935817805383,True
261,HYBRID,0.5,False
261,LOGIT,0.6599378881987579,False
262,STRUCT,0.8540521978021978,True
262,HYBRID,0.5,False
262,LOGIT,0.7029532967032968,False
263,STRUCT,0.8649068322981366,True
263,HYBRID,0.5,False
263,LOGIT,0.6532091097308489,False
264,STRUCT,0.8467914438502674,True
264,HYBRID,0.5,False
264,LOGIT,0.5368983957219252,False
265,STRUCT,0.8657407407407407,True
265,HYBRID,0.5,False
265,LOGIT,0.6907407407407408,False
266,STRUCT,0.8742197253433209,True
266,HYBRID,0.5,False
266,LOGIT,0.47409488139825223,False
267,STRUCT,0.8568965517241379,True
267,HYBRID,0.5,False
267,LOGIT,0.7244252873563218,False
268,STRUCT,0.9160919540229885,True
268,HYBRID,0.5,False
268,LOGIT,0.5436781609195402,False
269,STRUCT,0.7244252873563218,True
269,HYBRID,0.5,False
269,LOGIT,0.4405172413793103,False
270,STRUCT,0.7522875816993464,True
270,HYBRID,0.5,False
270,LOGIT,0.7104575163398692,False
271,STRUCT,0.8219907407407407,True
271,HYBRID,0.5,False
271,LOGIT,0.5842592592592593,False
272,STRUCT,0.8529411764705882,True
272,HYBRID,0.5,False
272,LOGIT,0.5866310160427808,False
273,STRUCT,0.7776304155614501,True
273,HYBRID,0.5,False
273,LOGIT,0.44650751547303275,False
274,STRUCT,0.7988245931283906,True
274,HYBRID,0.5,False
274,LOGIT,0.6198010849909584,False
275,STRUCT,0.916429249762583,True
275,HYBRID,0.5,False
275,LOGIT,0.5517568850902185,False
276,STRUCT,0.7922192749778955,True
276,HYBRID,0.5,False
276,LOGIT,0.4770114942528736,False
277,STRUCT,0.8574297188755019,True
277,HYBRID,0.5,False
277,LOGIT,0.6546184738955823,False
278,STRUCT,0.8659420289855073,True
278,HYBRID,0.5,False
278,LOGIT,0.5910973084886129,False
279,STRUCT,0.8614942528735632,True
279,HYBRID,0.5,False
279,LOGIT,0.7011494252873564,False
280,STRUCT,0.8338353413654619,True
280,HYBRID,0.5,False
280,LOGIT,0.4924698795180723,False
281,STRUCT,0.8338509316770186,True
281,HYBRID,0.5,False
281,LOGIT,0.5160455486542443,False
282,STRUCT,0.7794372294372295,True
282,HYBRID,0.5,False
282,LOGIT,0.6363636363636364,False
283,STRUCT,0.8548611111111111,True
283,HYBRID,0.5,False
283,LOGIT,0.65625,False
284,STRUCT,0.8594497607655502,True
284,HYBRID,0.5,False
284,LOGIT,0.6970693779904307,False
285,STRUCT,0.8486842105263158,True
285,HYBRID,0.5,False
285,LOGIT,0.5891148325358851,False
286,STRUCT,0.7791895604395604,True
286,HYBRID,0.5,False
286,LOGIT,0.5024038461538461,False
287,STRUCT,0.8718354430379747,True
287,HYBRID,0.5,False
287,LOGIT,0.6405967450271248,False
288,STRUCT,0.8969979296066253,True
288,HYBRID,0.5,False
288,LOGIT,0.6081780538302277,False
289,STRUCT,0.803379416282642,True
289,HYBRID,0.5,False
289,LOGIT,0.5349462365591398,False
290,STRUCT,0.8379917184265011,True
290,HYBRID,0.5,False
290,LOGIT,0.5623706004140786,False
291,STRUCT,0.8359213250517599,True
291,HYBRID,0.5,False
291,LOGIT,0.5486542443064183,False
292,STRUCT,0.8985416666666667,True
292,HYBRID,0.5,False
292,LOGIT,0.5941666666666666,False
293,STRUCT,0.8240740740740741,True
293,HYBRID,0.5,False
293,LOGIT,0.47364672364672367,False
294,STRUCT,0.8607990012484394,True
294,HYBRID,0.5,False
294,LOGIT,0.5774032459425719,False
295,STRUCT,0.8951863354037267,True
295,HYBRID,0.5,False
295,LOGIT,0.6074016563146999,False
296,STRUCT,0.7613636363636364,True
296,HYBRID,0.5,False
296,LOGIT,0.6477272727272727,False
297,STRUCT,0.8639354066985646,True
297,HYBRID,0.5,False
297,LOGIT,0.548145933014354,False
298,STRUCT,0.8042780748663102,True
298,HYBRID,0.5,False
298,LOGIT,0.49251336898395714,False
299,STRUCT,0.8373170731707318,True
299,HYBRID,0.5,False
299,LOGIT,0.583170731707317,False
300,STRUCT,0.7882059800664453,True
300,HYBRID,0.5,False
300,LOGIT,0.5678294573643411,False
301,STRUCT,0.8317073170731708,True
301,HYBRID,0.5,False
301,LOGIT,0.5360975609756098,False
302,STRUCT,0.827639751552795,True
302,HYBRID,0.5,False
302,LOGIT,0.5175983436853002,False
303,STRUCT,0.8342592592592593,True
303,HYBRID,0.5,False
303,LOGIT,0.47638888888888886,False
304,STRUCT,0.833982683982684,True
304,HYBRID,0.5,False
304,LOGIT,0.5426406926406927,False
305,STRUCT,0.8417112299465241,True
305,HYBRID,0.5,False
305,LOGIT,0.706951871657754,False
306,STRUCT,0.8032679738562091,True
306,HYBRID,0.5,False
306,LOGIT,0.5026143790849673,False
307,STRUCT,0.9213250517598344,True
307,HYBRID,0.5,False
307,LOGIT,0.6705486542443064,False
308,STRUCT,0.7815230961298377,True
308,HYBRID,0.5,False
308,LOGIT,0.5711610486891385,False
309,STRUCT,0.8844919786096256,True
309,HYBRID,0.5,False
309,LOGIT,0.6013368983957219,False
310,STRUCT,0.7981884057971014,True
310,HYBRID,0.5,False
310,LOGIT,0.6362318840579709,False
311,STRUCT,0.7341867469879518,True
311,HYBRID,0.5,False
311,LOGIT,0.5963855421686747,False
312,STRUCT,0.82183908045977,True
312,HYBRID,0.5,False
312,LOGIT,0.5258620689655172,False
313,STRUCT,0.8699074074074074,True
313,HYBRID,0.5,False
313,LOGIT,0.5706018518518519,False
314,STRUCT,0.7997287522603977,True
314,HYBRID,0.5,False
314,LOGIT,0.5221518987341771,False
315,STRUCT,0.9360766045548654,True
315,HYBRID,0.5,False
315,LOGIT,0.6149068322981366,False
316,STRUCT,0.8245989304812834,True
316,HYBRID,0.5,False
316,LOGIT,0.6294117647058823,False
317,STRUCT,0.7925133689839572,True
317,HYBRID,0.5,False
317,LOGIT,0.567379679144385,False
318,STRUCT,0.7769138755980861,True
318,HYBRID,0.5,False
318,LOGIT,0.6698564593301435,False
319,STRUCT,0.6951566951566953,True
319,HYBRID,0.5,False
319,LOGIT,0.5629154795821463,False
320,STRUCT,0.8411680911680912,True
320,HYBRID,0.5,False
320,LOGIT,0.44871794871794884,False
321,STRUCT,0.7336898395721925,True
321,HYBRID,0.5,False
321,LOGIT,0.6187165775401069,False
322,STRUCT,0.8935406698564593,True
322,HYBRID,0.5,False
322,LOGIT,0.4144736842105263,False
323,STRUCT,0.8449612403100776,True
323,HYBRID,0.5,False
323,LOGIT,0.6096345514950167,False
324,STRUCT,0.8030538302277432,True
324,HYBRID,0.5,False
324,LOGIT,0.5152691511387164,False
325,STRUCT,0.7916666666666667,True
325,HYBRID,0.5,False
325,LOGIT,0.5675925925925925,False
326,STRUCT,0.871031746031746,True
326,HYBRID,0.5,False
326,LOGIT,0.6019841269841271,False
327,STRUCT,0.8820072332730561,True
327,HYBRID,0.5,False
327,LOGIT,0.7423146473779385,False
328,STRUCT,0.835919540229885,True
328,HYBRID,0.5,False
328,LOGIT,0.6393678160919541,False
329,STRUCT,0.7907317073170732,True
329,HYBRID,0.5,False
329,LOGIT,0.6409756097560977,False
330,STRUCT,0.7526115859449193,True
330,HYBRID,0.5,False
330,LOGIT,0.5313390313390314,False
331,STRUCT,0.7931893687707641,True
331,HYBRID,0.5,False
331,LOGIT,0.6691583610188261,False
332,STRUCT,0.8255747126436782,True
332,HYBRID,0.5,False
332,LOGIT,0.5839080459770115,False
333,STRUCT,0.9235294117647059,True
333,HYBRID,0.5,False
333,LOGIT,0.6438502673796791,False
334,STRUCT,0.7796184738955824,True
334,HYBRID,0.5,False
334,LOGIT,0.6116967871485944,False
335,STRUCT,0.6824534161490684,True
335,HYBRID,0.5,False
335,LOGIT,0.6252587991718427,False
336,STRUCT,0.8525345622119815,True
336,HYBRID,0.5,False
336,LOGIT,0.4827188940092165,False
337,STRUCT,0.772590361445783,True
337,HYBRID,0.5,False
337,LOGIT,0.5286144578313253,False
338,STRUCT,0.8835101679929267,True
338,HYBRID,0.5,False
338,LOGIT,0.49093722369584436,False
339,STRUCT,0.8722222222222222,True
339,HYBRID,0.5,False
339,LOGIT,0.5532679738562092,False
340,STRUCT,0.8491200828157349,True
340,HYBRID,0.5,False
340,LOGIT,0.5885093167701864,False
341,STRUCT,0.8786096256684492,True
341,HYBRID,0.5,False
341,LOGIT,0.6689839572192513,False
342,STRUCT,0.8160919540229885,True
342,HYBRID,0.5,False
342,LOGIT,0.5528735632183908,False
343,STRUCT,0.827639751552795,True
343,HYBRID,0.5,False
343,LOGIT,0.6692546583850932,False
344,STRUCT,0.8775862068965518,True
344,HYBRID,0.5,False
344,LOGIT,0.5247126436781608,False
345,STRUCT,0.8524844720496894,True
345,HYBRID,0.5,False
345,LOGIT,0.5698757763975155,False
346,STRUCT,0.838780487804878,True
346,HYBRID,0.5,False
346,LOGIT,0.5936585365853658,False
347,STRUCT,0.7671296296296296,True
347,HYBRID,0.5,False
347,LOGIT,0.5622685185185186,False
348,STRUCT,0.8424836601307188,True
348,HYBRID,0.5,False
348,LOGIT,0.642483660130719,False
349,STRUCT,0.8217054263565892,True
349,HYBRID,0.5,False
349,LOGIT,0.610188261351052,False
350,STRUCT,0.8685300207039338,True
350,HYBRID,0.5,False
350,LOGIT,0.599896480331263,False
351,STRUCT,0.8439440993788819,True
351,HYBRID,0.5,False
351,LOGIT,0.5646997929606625,False
352,STRUCT,0.8377034358047016,True
352,HYBRID,0.5,False
352,LOGIT,0.6179927667269439,False
353,STRUCT,0.9058693244739756,True
353,HYBRID,0.5,False
353,LOGIT,0.43078626799557035,False
354,STRUCT,0.7864010989010989,True
354,HYBRID,0.5,False
354,LOGIT,0.5418956043956044,False
355,STRUCT,0.772192513368984,True
355,HYBRID,0.5,False
355,LOGIT,0.5390374331550802,False
356,STRUCT,0.8900602409638554,True
356,HYBRID,0.5,False
356,LOGIT,0.7008032128514056,False
357,STRUCT,0.8435828877005348,True
357,HYBRID,0.5,False
357,LOGIT,0.7184491978609625,False
358,STRUCT,0.8997785160575859,True
358,HYBRID,0.5,False
358,LOGIT,0.6500553709856035,False
359,STRUCT,0.8072289156626506,True
359,HYBRID,0.5,False
359,LOGIT,0.5823293172690763,False
360,STRUCT,0.8775609756097561,True
360,HYBRID,0.5,False
360,LOGIT,0.6341463414634146,False
361,STRUCT,0.7611111111111112,True
361,HYBRID,0.5,False
361,LOGIT,0.4787037037037037,False
362,STRUCT,0.8385093167701864,True
362,HYBRID,0.5,False
362,LOGIT,0.6244824016563147,False
363,STRUCT,0.7981283422459893,True
363,HYBRID,0.5,False
363,LOGIT,0.5302139037433156,False
364,STRUCT,0.8816091954022989,True
364,HYBRID,0.5,False
364,LOGIT,0.47758620689655173,False
365,STRUCT,0.8779677113010446,True
365,HYBRID,0.5,False
365,LOGIT,0.6600189933523267,False
366,STRUCT,0.7583996463306808,True
366,HYBRID,0.5,False
366,LOGIT,0.5119363395225465,False
367,STRUCT,0.8826466916354557,True
367,HYBRID,0.5,False
367,LOGIT,0.750936329588015,False
368,STRUCT,0.8414481897627965,True
368,HYBRID,0.5,False
368,LOGIT,0.6885143570536829,False
369,STRUCT,0.8980331262939959,True
369,HYBRID,0.5,False
369,LOGIT,0.7386128364389234,False
370,STRUCT,0.812111801242236,True
370,HYBRID,0.5,False
370,LOGIT,0.6081780538302278,False
371,STRUCT,0.7885610766045549,True
371,HYBRID,0.5,False
371,LOGIT,0.5424430641821946,False
372,STRUCT,0.7900088417329796,True
372,HYBRID,0.5,False
372,LOGIT,0.5484084880636605,False
373,STRUCT,0.9229088639200999,True
373,HYBRID,0.5,False
373,LOGIT,0.6201622971285894,False
374,STRUCT,0.8257453666398066,True
374,HYBRID,0.5,False
374,LOGIT,0.6722401289282837,False
375,STRUCT,0.6277472527472528,True
375,HYBRID,0.5,False
375,LOGIT,0.48626373626373626,False
376,STRUCT,0.8017241379310345,True
376,HYBRID,0.5,False
376,LOGIT,0.6114942528735632,False
377,STRUCT,0.7763975155279503,True
377,HYBRID,0.5,False
377,LOGIT,0.5595238095238095,False
378,STRUCT,0.7458592132505176,True
378,HYBRID,0.5,False
378,LOGIT,0.6547619047619048,False
379,STRUCT,0.784688995215311,True
379,HYBRID,0.5,False
379,LOGIT,0.5059808612440191,False
380,STRUCT,0.7886546184738955,True
380,HYBRID,0.5,False
380,LOGIT,0.5594879518072289,False
381,STRUCT,0.8141821946169773,True
381,HYBRID,0.5,False
381,LOGIT,0.6177536231884058,False
382,STRUCT,0.8329004329004328,True
382,HYBRID,0.5,False
382,LOGIT,0.5376623376623377,False
383,STRUCT,0.8643902439024391,True
383,HYBRID,0.5,False
383,LOGIT,0.6131707317073171,False
384,STRUCT,0.8551724137931034,True
384,HYBRID,0.5,False
384,LOGIT,0.5971264367816091,False
385,STRUCT,0.8737060041407867,True
385,HYBRID,0.5,False
385,LOGIT,0.639751552795031,False
386,STRUCT,0.8843779677113011,True
386,HYBRID,0.5,False
386,LOGIT,0.5567426400759734,False
387,STRUCT,0.8266856600189935,True
387,HYBRID,0.5,False
387,LOGIT,0.47127255460588796,False
388,STRUCT,0.8712624584717608,True
388,HYBRID,0.5,False
388,LOGIT,0.6243078626799556,False
389,STRUCT,0.7137681159420289,True
389,HYBRID,0.5,False
389,LOGIT,0.5601449275362319,False
390,STRUCT,0.8614232209737828,True
390,HYBRID,0.5,False
390,LOGIT,0.7431335830212236,False
391,STRUCT,0.871264367816092,True
391,HYBRID,0.5,False
391,LOGIT,0.5074712643678161,False
392,STRUCT,0.8759946949602122,True
392,HYBRID,0.5,False
392,LOGIT,0.5552608311229,False
393,STRUCT,0.782147315855181,True
393,HYBRID,0.5,False
393,LOGIT,0.5362047440699126,False
394,STRUCT,0.8401069518716577,True
394,HYBRID,0.5,False
394,LOGIT,0.5144385026737968,False
395,STRUCT,0.9399585921325051,True
395,HYBRID,0.5,False
395,LOGIT,0.47929606625258797,False
396,STRUCT,0.7732558139534883,True
396,HYBRID,0.5,False
396,LOGIT,0.49999999999999994,False
397,STRUCT,0.8368983957219251,True
397,HYBRID,0.5,False
397,LOGIT,0.42566844919786095,False
398,STRUCT,0.9172908863920101,True
398,HYBRID,0.5,False
398,LOGIT,0.4921972534332084,False
399,STRUCT,0.828416149068323,True
399,HYBRID,0.5,False
399,LOGIT,0.5315734989648033,False
400,STRUCT,0.8277153558052435,True
400,HYBRID,0.5,False
400,LOGIT,0.6239076154806492,False
401,STRUCT,0.8593576965669989,True
401,HYBRID,0.5,False
401,LOGIT,0.6162790697674418,False
402,STRUCT,0.8631016042780748,True
402,HYBRID,0.5,False
402,LOGIT,0.5818181818181818,False
403,STRUCT,0.7765280135823429,True
403,HYBRID,0.5,False
403,LOGIT,0.5969864176570459,False
404,STRUCT,0.8754152823920266,True
404,HYBRID,0.5,False
404,LOGIT,0.4072535991140642,False
405,STRUCT,0.8099027409372237,True
405,HYBRID,0.5,False
405,LOGIT,0.4969053934571176,False
406,STRUCT,0.7494979919678715,True
406,HYBRID,0.5,False
406,LOGIT,0.5484437751004015,False
407,STRUCT,0.8754681647940076,True
407,HYBRID,0.5,False
407,LOGIT,0.533083645443196,False
408,STRUCT,0.8356690777576854,True
408,HYBRID,0.5,False
408,LOGIT,0.6173146473779385,False
409,STRUCT,0.8541666666666667,True
409,HYBRID,0.5,False
409,LOGIT,0.5560185185185185,False
410,STRUCT,0.9040071770334928,True
410,HYBRID,0.5,False
410,LOGIT,0.5008971291866029,False
411,STRUCT,0.8368055555555556,True
411,HYBRID,0.5,False
411,LOGIT,0.587962962962963,False
412,STRUCT,0.828584995251662,True
412,HYBRID,0.5,False
412,LOGIT,0.5284900284900285,False
413,STRUCT,0.9126092384519351,True
413,HYBRID,0.5,False
413,LOGIT,0.560549313358302,False
414,STRUCT,0.8586956521739131,True
414,HYBRID,0.5,False
414,LOGIT,0.5427018633540373,False
415,STRUCT,0.818039950062422,True
415,HYBRID,0.5,False
415,LOGIT,0.6594881398252185,False
416,STRUCT,0.8721264367816092,True
416,HYBRID,0.5,False
416,LOGIT,0.5534482758620689,False
417,STRUCT,0.8959025470653378,True
417,HYBRID,0.5,False
417,LOGIT,0.4844961240310078,False
418,STRUCT,0.8518518518518519,True
418,HYBRID,0.5,False
418,LOGIT,0.5603038936372269,False
419,STRUCT,0.8255813953488372,True
419,HYBRID,0.5,False
419,LOGIT,0.5498338870431894,False
420,STRUCT,0.8017344497607656,True
420,HYBRID,0.5,False
420,LOGIT,0.35346889952153104,False
421,STRUCT,0.8192883895131087,True
421,HYBRID,0.5,False
421,LOGIT,0.6613607990012486,False
422,STRUCT,0.7455703211517165,True
422,HYBRID,0.5,False
422,LOGIT,0.5467884828349945,False
423,STRUCT,0.805318138651472,True
423,HYBRID,0.5,False
423,LOGIT,0.5802469135802468,False
424,STRUCT,0.8305647840531561,True
424,HYBRID,0.5,False
424,LOGIT,0.5238095238095237,False
425,STRUCT,0.8690243902439025,True
425,HYBRID,0.5,False
425,LOGIT,0.5460975609756098,False
426,STRUCT,0.9007177033492823,True
426,HYBRID,0.5,False
426,LOGIT,0.5472488038277512,False
427,STRUCT,0.8618012422360248,True
427,HYBRID,0.5,False
427,LOGIT,0.6495859213250518,False
428,STRUCT,0.9006024096385542,True
428,HYBRID,0.5,False
428,LOGIT,0.677710843373494,False
429,STRUCT,0.8761494252873563,True
429,HYBRID,0.5,False
429,LOGIT,0.47729885057471266,False
430,STRUCT,0.8747739602169982,True
430,HYBRID,0.5,False
430,LOGIT,0.4344484629294756,False
431,STRUCT,0.8614232209737828,True
431,HYBRID,0.5,False
431,LOGIT,0.7584269662921348,False
432,STRUCT,0.8691832858499525,True
432,HYBRID,0.5,False
432,LOGIT,0.6208452041785375,False
433,STRUCT,0.75,True
433,HYBRID,0.5,False
433,LOGIT,0.5050200803212852,False
434,STRUCT,0.768574297188755,True
434,HYBRID,0.5,False
434,LOGIT,0.5891064257028112,False
435,STRUCT,0.8128342245989305,True
435,HYBRID,0.5,False
435,LOGIT,0.4898395721925134,False
436,STRUCT,0.8537433155080214,True
436,HYBRID,0.5,False
436,LOGIT,0.5168449197860963,False
437,STRUCT,0.8535196687370601,True
437,HYBRID,0.5,False
437,LOGIT,0.6159420289855073,False
438,STRUCT,0.715011961722488,True
438,HYBRID,0.5,False
438,LOGIT,0.5909090909090908,False
439,STRUCT,0.9258373205741627,True
439,HYBRID,0.5,False
439,LOGIT,0.5819377990430622,False
440,STRUCT,0.8155515370705244,True
440,HYBRID,0.5,False
440,LOGIT,0.634267631103074,False
441,STRUCT,0.8326203208556151,True
441,HYBRID,0.5,False
441,LOGIT,0.5136363636363637,False
442,STRUCT,0.8625668449197861,True
442,HYBRID,0.5,False
442,LOGIT,0.49759358288770056,False
443,STRUCT,0.8077060931899641,True
443,HYBRID,0.5,False
443,LOGIT,0.6295698924731182,False
444,STRUCT,0.8433001107419712,True
444,HYBRID,0.5,False
444,LOGIT,0.5819490586932446,False
445,STRUCT,0.8497652582159625,True
445,HYBRID,0.5,False
445,LOGIT,0.662754303599374,False
446,STRUCT,0.8076086956521739,True
446,HYBRID,0.5,False
446,LOGIT,0.4286231884057971,False
447,STRUCT,0.8131229235880398,True
447,HYBRID,0.5,False
447,LOGIT,0.5838870431893688,False
448,STRUCT,0.885623869801085,True
448,HYBRID,0.5,False
448,LOGIT,0.6166365280289331,False
449,STRUCT,0.7934640522875818,True
449,HYBRID,0.5,False
449,LOGIT,0.5535947712418301,False
450,STRUCT,0.7534332084893883,True
450,HYBRID,0.5,False
450,LOGIT,0.5998751560549314,False
451,STRUCT,0.8145071982281284,True
451,HYBRID,0.5,False
451,LOGIT,0.5218715393133998,False
452,STRUCT,0.9052287581699346,True
452,HYBRID,0.5,False
452,LOGIT,0.638562091503268,False
453,STRUCT,0.8416808149405772,True
453,HYBRID,0.5,False
453,LOGIT,0.5318336162988115,False
454,STRUCT,0.9014146772767463,True
454,HYBRID,0.5,False
454,LOGIT,0.6511936339522547,False
455,STRUCT,0.8513770180436848,True
455,HYBRID,0.5,False
455,LOGIT,0.6552706552706553,False
456,STRUCT,0.8234989648033126,True
456,HYBRID,0.5,False
456,LOGIT,0.583592132505176,False
457,STRUCT,0.7691029900332226,True
457,HYBRID,0.5,False
457,LOGIT,0.6511627906976744,False
458,STRUCT,0.8495670995670995,True
458,HYBRID,0.5,False
458,LOGIT,0.6409090909090909,False
459,STRUCT,0.7696629213483146,True
459,HYBRID,0.5,False
459,LOGIT,0.6092384519350812,False
460,STRUCT,0.8738095238095237,True
460,HYBRID,0.5,False
460,LOGIT,0.5577922077922078,False
461,STRUCT,0.8489304812834224,True
461,HYBRID,0.5,False
461,LOGIT,0.6951871657754012,False
462,STRUCT,0.8412280701754385,True
462,HYBRID,0.5,False
462,LOGIT,0.5451754385964912,False
463,STRUCT,0.7796771130104464,True
463,HYBRID,0.5,False
463,LOGIT,0.6058879392212726,False
464,STRUCT,0.6654040404040403,True
464,HYBRID,0.5,False
464,LOGIT,0.6414141414141414,False
465,STRUCT,0.8290598290598291,True
465,HYBRID,0.5,False
465,LOGIT,0.4962013295346629,False
466,STRUCT,0.8653846153846154,True
466,HYBRID,0.5,False
466,LOGIT,0.4965659340659341,False
467,STRUCT,0.8347222222222221,True
467,HYBRID,0.5,False
467,LOGIT,0.5770833333333334,False
468,STRUCT,0.8090277777777778,True
468,HYBRID,0.5,False
468,LOGIT,0.6391203703703704,False
469,STRUCT,0.8689655172413793,True
469,HYBRID,0.5,False
469,LOGIT,0.5482758620689655,False
470,STRUCT,0.7791164658634538,True
470,HYBRID,0.5,False
470,LOGIT,0.4693775100401606,False
471,STRUCT,0.8462566844919787,True
471,HYBRID,0.5,False
471,LOGIT,0.4467914438502674,False
472,STRUCT,0.7967592592592593,True
472,HYBRID,0.5,False
472,LOGIT,0.5189814814814814,False
473,STRUCT,0.7867996201329535,True
473,HYBRID,0.5,False
473,LOGIT,0.5251661918328585,False
474,STRUCT,0.7809756097560976,True
474,HYBRID,0.5,False
474,LOGIT,0.6382926829268293,False
475,STRUCT,0.7515605493133584,True
475,HYBRID,0.5,False
475,LOGIT,0.5692883895131087,False
476,STRUCT,0.8214624881291549,True
476,HYBRID,0.5,False
476,LOGIT,0.5151946818613485,False
477,STRUCT,0.7890365448504983,True
477,HYBRID,0.5,False
477,LOGIT,0.5249169435215947,False
478,STRUCT,0.8183520599250935,True
478,HYBRID,0.5,False
478,LOGIT,0.5081148564294632,False
479,STRUCT,0.8785140562248996,True
479,HYBRID,0.5,False
479,LOGIT,0.5203313253012047,False
480,STRUCT,0.7479166666666667,True
480,HYBRID,0.5,False
480,LOGIT,0.49652777777777773,False
481,STRUCT,0.7981927710843374,True
481,HYBRID,0.5,False
481,LOGIT,0.5818273092369478,False
482,STRUCT,0.8126293995859213,True
482,HYBRID,0.5,False
482,LOGIT,0.6299171842650103,False
483,STRUCT,0.8390243902439024,True
483,HYBRID,0.5,False
483,LOGIT,0.5517073170731707,False
484,STRUCT,0.8807017543859649,True
484,HYBRID,0.5,False
484,LOGIT,0.7017543859649122,False
485,STRUCT,0.8819875776397516,True
485,HYBRID,0.5,False
485,LOGIT,0.5631469979296067,False
486,STRUCT,0.8310406698564593,True
486,HYBRID,0.5,False
486,LOGIT,0.42254784688995217,False
487,STRUCT,0.836655592469546,True
487,HYBRID,0.5,False
487,LOGIT,0.5581395348837209,False
488,STRUCT,0.9417670682730923,True
488,HYBRID,0.5,False
488,LOGIT,0.5045180722891567,False
489,STRUCT,0.8804597701149426,True
489,HYBRID,0.5,False
489,LOGIT,0.45689655172413796,False
490,STRUCT,0.8130461922596753,True
490,HYBRID,0.5,False
490,LOGIT,0.6832084893882646,False
491,STRUCT,0.9303921568627452,True
491,HYBRID,0.5,False
491,LOGIT,0.6418300653594771,False
492,STRUCT,0.7729268292682927,True
492,HYBRID,0.5,False
492,LOGIT,0.4470731707317073,False
493,STRUCT,0.832779623477298,True
493,HYBRID,0.5,False
493,LOGIT,0.4806201550387597,False
494,STRUCT,0.8930555555555555,True
494,HYBRID,0.5,False
494,LOGIT,0.5393518518518519,False
495,STRUCT,0.9128679962013296,True
495,HYBRID,0.5,False
495,LOGIT,0.5254036087369421,False
496,STRUCT,0.8363787375415282,True
496,HYBRID,0.5,False
496,LOGIT,0.5852713178294574,False
497,STRUCT,0.8698781838316721,True
497,HYBRID,0.5,False
497,LOGIT,0.5885935769656699,False
498,STRUCT,0.832620320855615,True
498,HYBRID,0.5,False
498,LOGIT,0.6620320855614974,False
499,STRUCT,0.8392156862745098,True
499,HYBRID,0.5,False
499,LOGIT,0.4875816993464053,False
500,STRUCT,0.8692528735632185,True
500,HYBRID,0.5,False
500,LOGIT,0.6324712643678161,False
501,STRUCT,0.9096385542168676,True
501,HYBRID,0.5,False
501,LOGIT,0.5642570281124498,False
502,STRUCT,0.8637873754152824,True
502,HYBRID,0.5,False
502,LOGIT,0.4933554817275748,False
503,STRUCT,0.7685492801771872,True
503,HYBRID,0.5,False
503,LOGIT,0.5836101882613511,False
504,STRUCT,0.884967320261438,True
504,HYBRID,0.5,False
504,LOGIT,0.6529411764705882,False
505,STRUCT,0.8142857142857142,True
505,HYBRID,0.5,False
505,LOGIT,0.6519480519480519,False
506,STRUCT,0.8316091954022989,True
506,HYBRID,0.5,False
506,LOGIT,0.5666666666666667,False
507,STRUCT,0.8900103519668737,True
507,HYBRID,0.5,False
507,LOGIT,0.458592132505176,False
508,STRUCT,0.7837301587301588,True
508,HYBRID,0.5,False
508,LOGIT,0.6257936507936508,False
509,STRUCT,0.793625678119349,True
509,HYBRID,0.5,False
509,LOGIT,0.6322332730560579,False
510,STRUCT,0.8336585365853658,True
510,HYBRID,0.5,False
510,LOGIT,0.5702439024390243,False
511,STRUCT,0.9113924050632911,True
511,HYBRID,0.5,False
511,LOGIT,0.6625226039783002,False
512,STRUCT,0.8553312629399585,True
512,HYBRID,0.5,False
512,LOGIT,0.6441511387163561,False
513,STRUCT,0.8695380774032461,True
513,HYBRID,0.5,False
513,LOGIT,0.6610486891385767,False
514,STRUCT,0.7963414634146341,True
514,HYBRID,0.5,False
514,LOGIT,0.5070731707317073,False
515,STRUCT,0.822944297082228,True
515,HYBRID,0.5,False
515,LOGIT,0.6279840848806366,False
516,STRUCT,0.8343301435406698,True
516,HYBRID,0.5,False
516,LOGIT,0.6172248803827751,False
517,STRUCT,0.9298654244306419,True
517,HYBRID,0.5,False
517,LOGIT,0.6185300207039337,False
518,STRUCT,0.8247607655502392,True
518,HYBRID,0.5,False
518,LOGIT,0.5903110047846889,False
519,STRUCT,0.8908492822966507,True
519,HYBRID,0.5,False
519,LOGIT,0.611842105263158,False
520,STRUCT,0.810126582278481,True
520,HYBRID,0.5,False
520,LOGIT,0.6252260397830018,False
521,STRUCT,0.7872670807453416,True
521,HYBRID,0.5,False
521,LOGIT,0.5703933747412008,False
522,STRUCT,0.8209764918625678,True
522,HYBRID,0.5,False
522,LOGIT,0.5248643761301989,False
523,STRUCT,0.8219822812846068,True
523,HYBRID,0.5,False
523,LOGIT,0.6392580287929125,False
524,STRUCT,0.8554376657824934,True
524,HYBRID,0.5,False
524,LOGIT,0.614500442086649,False
525,STRUCT,0.7725903614457832,True
525,HYBRID,0.5,False
525,LOGIT,0.5903614457831325,False
526,STRUCT,0.8633373205741626,True
526,HYBRID,0.5,False
526,LOGIT,0.4877392344497607,False
527,STRUCT,0.9126829268292683,True
527,HYBRID,0.5,False
527,LOGIT,0.5590243902439025,False
528,STRUCT,0.8588235294117648,True
528,HYBRID,0.5,False
528,LOGIT,0.5359477124183006,False
529,STRUCT,0.8116883116883117,True
529,HYBRID,0.5,False
529,LOGIT,0.6127705627705627,False
530,STRUCT,0.7072192513368984,True
530,HYBRID,0.5,False
530,LOGIT,0.4283422459893048,False
531,STRUCT,0.8657407407407407,True
531,HYBRID,0.5,False
531,LOGIT,0.6537037037037037,False
532,STRUCT,0.8037037037037037,True
532,HYBRID,0.5,False
532,LOGIT,0.5888888888888889,False
533,STRUCT,0.7879291251384274,True
533,HYBRID,0.5,False
533,LOGIT,0.601328903654485,False
534,STRUCT,0.8845514950166112,True
534,HYBRID,0.5,False
534,LOGIT,0.6303986710963455,False
535,STRUCT,0.7837962962962963,True
535,HYBRID,0.5,False
535,LOGIT,0.5050925925925926,False
536,STRUCT,0.8416149068322981,True
536,HYBRID,0.5,False
536,LOGIT,0.358695652173913,False
537,STRUCT,0.7948717948717948,True
537,HYBRID,0.5,False
537,LOGIT,0.6348364279398763,False
538,STRUCT,0.8585164835164835,True
538,HYBRID,0.5,False
538,LOGIT,0.5992445054945055,False
539,STRUCT,0.9054347826086957,True
539,HYBRID,0.5,False
539,LOGIT,0.6249999999999999,False
540,STRUCT,0.881140350877193,True
540,HYBRID,0.5,False
540,LOGIT,0.5245614035087719,False
541,STRUCT,0.7857142857142857,True
541,HYBRID,0.5,False
541,LOGIT,0.5805194805194805,False
542,STRUCT,0.8665559246954596,True
542,HYBRID,0.5,False
542,LOGIT,0.5802879291251385,False
543,STRUCT,0.8975155279503105,True
543,HYBRID,0.5,False
543,LOGIT,0.6055900621118012,False
544,STRUCT,0.6381578947368421,False
544,HYBRID,0.5,False
544,LOGIT,0.6555023923444975,True
545,STRUCT,0.8098290598290598,True
545,HYBRID,0.5,False
545,LOGIT,0.47056030389363723,False
546,STRUCT,0.9302325581395349,True
546,HYBRID,0.5,False
546,LOGIT,0.6483942414174972,False
547,STRUCT,0.7703208556149732,True
547,HYBRID,0.5,False
547,LOGIT,0.5195187165775401,False
548,STRUCT,0.8117469879518072,True
548,HYBRID,0.5,False
548,LOGIT,0.6736947791164659,False
549,STRUCT,0.798145933014354,True
549,HYBRID,0.5,False
549,LOGIT,0.6874999999999999,False
550,STRUCT,0.8439434129089302,True
550,HYBRID,0.5,False
550,LOGIT,0.6229000884173298,False
551,STRUCT,0.8390374331550803,True
551,HYBRID,0.5,False
551,LOGIT,0.5462566844919786,False
552,STRUCT,0.7713675213675213,True
552,HYBRID,0.5,False
552,LOGIT,0.5845204178537512,False
553,STRUCT,0.7859911406423035,True
553,HYBRID,0.5,False
553,LOGIT,0.44102990033222594,False
554,STRUCT,0.8317805383022774,True
554,HYBRID,0.5,False
554,LOGIT,0.6793478260869564,False
555,STRUCT,0.845204178537512,True
555,HYBRID,0.5,False
555,LOGIT,0.5811965811965812,False
556,STRUCT,0.8712349397590362,True
556,HYBRID,0.5,False
556,LOGIT,0.5928714859437751,False
557,STRUCT,0.8127340823970037,True
557,HYBRID,0.5,False
557,LOGIT,0.5823970037453183,False
558,STRUCT,0.8558536585365855,True
558,HYBRID,0.5,False
558,LOGIT,0.5558536585365854,False
559,STRUCT,0.7757475083056479,True
559,HYBRID,0.5,False
559,LOGIT,0.6085271317829458,False
560,STRUCT,0.8068292682926829,True
560,HYBRID,0.5,False
560,LOGIT,0.6678048780487804,False
561,STRUCT,0.8361018826135105,True
561,HYBRID,0.5,False
561,LOGIT,0.663344407530454,False
562,STRUCT,0.8395225464190982,True
562,HYBRID,0.5,False
562,LOGIT,0.5937223695844385,False
563,STRUCT,0.8203933747412008,True
563,HYBRID,0.5,False
563,LOGIT,0.5398550724637681,False
564,STRUCT,0.8753561253561254,True
564,HYBRID,0.5,False
564,LOGIT,0.39126305792972466,False
565,STRUCT,0.8262362637362638,True
565,HYBRID,0.5,False
565,LOGIT,0.6277472527472527,False
566,STRUCT,0.9405092592592593,True
566,HYBRID,0.5,False
566,LOGIT,0.5159722222222223,False
567,STRUCT,0.7872744539411207,True
567,HYBRID,0.5,False
567,LOGIT,0.47483380816714155,False
568,STRUCT,0.8437908496732026,True
568,HYBRID,0.5,False
568,LOGIT,0.5209150326797385,False
569,STRUCT,0.8535196687370601,True
569,HYBRID,0.5,False
569,LOGIT,0.6459627329192548,False
570,STRUCT,0.8453355155482815,True
570,HYBRID,0.5,False
570,LOGIT,0.7013093289689035,False
571,STRUCT,0.8879679144385026,True
571,HYBRID,0.5,False
571,LOGIT,0.5614973262032086,False
572,STRUCT,0.8451149425287356,True
572,HYBRID,0.5,False
572,LOGIT,0.4313218390804598,False
573,STRUCT,0.8957219251336898,True
573,HYBRID,0.5,False
573,LOGIT,0.7256684491978609,False
574,STRUCT,0.8626799557032114,True
574,HYBRID,0.5,False
574,LOGIT,0.6345514950166112,False
575,STRUCT,0.872192513368984,True
575,HYBRID,0.5,False
575,LOGIT,0.706951871657754,False
576,STRUCT,0.8611111111111112,True
576,HYBRID,0.5,False
576,LOGIT,0.5754629629629628,False
577,STRUCT,0.795346628679962,True
577,HYBRID,0.5,False
577,LOGIT,0.4083570750237417,False
578,STRUCT,0.8922127255460589,True
578,HYBRID,0.5,False
578,LOGIT,0.550332383665717,False
579,STRUCT,0.9010822510822512,True
579,HYBRID,0.5,False
579,LOGIT,0.6248917748917748,False
580,STRUCT,0.8911960132890366,True
580,HYBRID,0.5,False
580,LOGIT,0.6359357696566998,False
581,STRUCT,0.8485533453887885,True
581,HYBRID,0.5,False
581,LOGIT,0.5791139240506329,False
582,STRUCT,0.8824074074074073,True
582,HYBRID,0.5,False
582,LOGIT,0.6988425925925926,False
583,STRUCT,0.9107843137254902,True
583,HYBRID,0.5,False
583,LOGIT,0.615032679738562,False
584,STRUCT,0.7987804878048781,True
584,HYBRID,0.5,False
584,LOGIT,0.47341463414634144,False
585,STRUCT,0.8304597701149425,True
585,HYBRID,0.5,False
585,LOGIT,0.6241379310344828,False
586,STRUCT,0.7940199335548173,True
586,HYBRID,0.5,False
586,LOGIT,0.5719822812846069,False
587,STRUCT,0.7303030303030302,True
587,HYBRID,0.5,False
587,LOGIT,0.48982683982683983,False
588,STRUCT,0.8221264367816092,True
588,HYBRID,0.5,False
588,LOGIT,0.5123563218390804,False
589,STRUCT,0.8777777777777778,True
589,HYBRID,0.5,False
589,LOGIT,0.6356481481481482,False
590,STRUCT,0.8380487804878048,True
590,HYBRID,0.5,False
590,LOGIT,0.5941463414634146,False
591,STRUCT,0.8044678714859438,True
591,HYBRID,0.5,False
591,LOGIT,0.6398092369477911,False
592,STRUCT,0.7052287581699347,True
592,HYBRID,0.5,False
592,LOGIT,0.42908496732026147,False
593,STRUCT,0.8321951219512195,True
593,HYBRID,0.5,False
593,LOGIT,0.5039024390243902,False
594,STRUCT,0.7949275362318841,True
594,HYBRID,0.5,False
594,LOGIT,0.5789855072463768,False
595,STRUCT,0.8180487804878048,True
595,HYBRID,0.5,False
595,LOGIT,0.7404878048780488,False
596,STRUCT,0.7996411483253587,True
596,HYBRID,0.5,False
596,LOGIT,0.5681818181818181,False
597,STRUCT,0.9155592469545958,True
597,HYBRID,0.5,False
597,LOGIT,0.5921926910299004,False
598,STRUCT,0.8438755020080322,True
598,HYBRID,0.5,False
598,LOGIT,0.5120481927710843,False
599,STRUCT,0.9004120879120879,True
599,HYBRID,0.5,False
599,LOGIT,0.6291208791208791,False
600,STRUCT,0.7322097378277154,True
600,HYBRID,0.5,False
600,LOGIT,0.596441947565543,False
601,STRUCT,0.865622032288699,True
601,HYBRID,0.5,False
601,LOGIT,0.5451092117758785,False
602,STRUCT,0.9169934640522875,True
602,HYBRID,0.5,False
602,LOGIT,0.6169934640522876,False
603,STRUCT,0.8376436781609196,True
603,HYBRID,0.5,False
603,LOGIT,0.5948275862068966,False
604,STRUCT,0.7992359932088285,True
604,HYBRID,0.5,False
604,LOGIT,0.5543293718166384,False
605,STRUCT,0.8308232931726908,True
605,HYBRID,0.5,False
605,LOGIT,0.6561244979919678,False
606,STRUCT,0.9189839572192513,True
606,HYBRID,0.5,False
606,LOGIT,0.6171122994652407,False
607,STRUCT,0.6925465838509317,True
607,HYBRID,0.5,False
607,LOGIT,0.609472049689441,False
608,STRUCT,0.8910455486542443,True
608,HYBRID,0.5,False
608,LOGIT,0.48964803312629396,False
609,STRUCT,0.7217908902691511,True
609,HYBRID,0.5,False
609,LOGIT,0.5701345755693581,False
610,STRUCT,0.8433208489388265,True
610,HYBRID,0.5,False
610,LOGIT,0.4719101123595505,False
611,STRUCT,0.8087349397590361,True
611,HYBRID,0.5,False
611,LOGIT,0.5938755020080321,False
612,STRUCT,0.8687888198757764,True
612,HYBRID,0.5,False
612,LOGIT,0.5804865424430643,False
613,STRUCT,0.769656699889258,True
613,HYBRID,0.5,False
613,LOGIT,0.5166112956810631,False
614,STRUCT,0.8842245989304812,True
614,HYBRID,0.5,False
614,LOGIT,0.5526737967914438,False
615,STRUCT,0.7130857648099027,True
615,HYBRID,0.5,False
615,LOGIT,0.5636604774535809,False
616,STRUCT,0.814080459770115,True
616,HYBRID,0.5,False
616,LOGIT,0.7086206896551726,False
617,STRUCT,0.8295755968169761,True
617,HYBRID,0.5,False
617,LOGIT,0.44053934571175946,False
618,STRUCT,0.9324473975636767,True
618,HYBRID,0.5,False
618,LOGIT,0.49667774086378735,False
619,STRUCT,0.790450928381963,True
619,HYBRID,0.5,False
619,LOGIT,0.5937223695844385,False
620,STRUCT,0.7939958592132504,True
620,HYBRID,0.5,False
620,LOGIT,0.5520186335403727,False
621,STRUCT,0.8571428571428572,True
621,HYBRID,0.5,False
621,LOGIT,0.5038759689922481,False
622,STRUCT,0.8136766334440753,True
622,HYBRID,0.5,False
622,LOGIT,0.49252491694352163,False
623,STRUCT,0.8666267942583731,True
623,HYBRID,0.5,False
623,LOGIT,0.603468899521531,False
624,STRUCT,0.8319377990430621,True
624,HYBRID,0.5,False
624,LOGIT,0.3989234449760766,False
625,STRUCT,0.894927536231884,True
625,HYBRID,0.5,False
625,LOGIT,0.5502070393374741,False
626,STRUCT,0.8217054263565892,True
626,HYBRID,0.5,False
626,LOGIT,0.6223698781838317,False
627,STRUCT,0.8624497991967872,True
627,HYBRID,0.5,False
627,LOGIT,0.5461847389558233,False
628,STRUCT,0.8405797101449275,True
628,HYBRID,0.5,False
628,LOGIT,0.5683229813664596,False
629,STRUCT,0.8737449799196787,True
629,HYBRID,0.5,False
629,LOGIT,0.5740461847389557,False
630,STRUCT,0.7571785268414482,True
630,HYBRID,0.5,False
630,LOGIT,0.5961298377028715,False
631,STRUCT,0.8728758169934641,True
631,HYBRID,0.5,False
631,LOGIT,0.5081699346405228,False
632,STRUCT,0.8878588516746411,True
632,HYBRID,0.5,False
632,LOGIT,0.5756578947368421,False
633,STRUCT,0.8506944444444444,True
633,HYBRID,0.5,False
633,LOGIT,0.53125,False
634,STRUCT,0.7696969696969698,True
634,HYBRID,0.5,False
634,LOGIT,0.5768398268398268,False
635,STRUCT,0.8228869895536562,True
635,HYBRID,0.5,False
635,LOGIT,0.49525166191832865,False
636,STRUCT,0.8900080580177276,True
636,HYBRID,0.5,False
636,LOGIT,0.6321514907332796,False
637,STRUCT,0.7606321839080459,True
637,HYBRID,0.5,False
637,LOGIT,0.5301724137931034,False
638,STRUCT,0.7870879120879122,True
638,HYBRID,0.5,False
638,LOGIT,0.6311813186813187,False
639,STRUCT,0.8022317188983856,True
639,HYBRID,0.5,False
639,LOGIT,0.44373219373219375,False
640,STRUCT,0.8046058879392213,True
640,HYBRID,0.5,False
640,LOGIT,0.5933048433048432,False
641,STRUCT,0.8273148148148148,True
641,HYBRID,0.5,False
641,LOGIT,0.5152777777777777,False
642,STRUCT,0.8988505747126436,True
642,HYBRID,0.5,False
642,LOGIT,0.5270114942528735,False
643,STRUCT,0.7763532763532764,True
643,HYBRID,0.5,False
643,LOGIT,0.5830959164292497,False
644,STRUCT,0.8035287081339713,True
644,HYBRID,0.5,False
644,LOGIT,0.5589114832535885,False
645,STRUCT,0.8033453887884268,True
645,HYBRID,0.5,False
645,LOGIT,0.58499095840868,False
646,STRUCT,0.8068181818181818,True
646,HYBRID,0.5,False
646,LOGIT,0.6211124401913876,False
647,STRUCT,0.8413654618473896,True
647,HYBRID,0.5,False
647,LOGIT,0.43373493975903615,False
648,STRUCT,0.81951871657754,True
648,HYBRID,0.5,False
648,LOGIT,0.5050802139037434,False
649,STRUCT,0.7805077805077805,True
649,HYBRID,0.5,False
649,LOGIT,0.542997542997543,False
650,STRUCT,0.8836657169990504,True
650,HYBRID,0.5,False
650,LOGIT,0.5477207977207977,False
651,STRUCT,0.76,True
651,HYBRID,0.5,False
651,LOGIT,0.4764583333333333,False
652,STRUCT,0.8978405315614617,True
652,HYBRID,0.5,False
652,LOGIT,0.5271317829457365,False
653,STRUCT,0.8790322580645161,True
653,HYBRID,0.5,False
653,LOGIT,0.7338709677419354,False
654,STRUCT,0.890909090909091,True
654,HYBRID,0.5,False
654,LOGIT,0.6850267379679145,False
655,STRUCT,0.8385620915032679,True
655,HYBRID,0.5,False
655,LOGIT,0.611764705882353,False
656,STRUCT,0.7822966507177034,True
656,HYBRID,0.5,False
656,LOGIT,0.5035885167464115,False
657,STRUCT,0.8612956810631229,True
657,HYBRID,0.5,False
657,LOGIT,0.6209856035437431,False
658,STRUCT,0.8856112054329374,True
658,HYBRID,0.5,False
658,LOGIT,0.5619694397283531,False
659,STRUCT,0.8752510040160641,True
659,HYBRID,0.5,False
659,LOGIT,0.4796686746987952,False
660,STRUCT,0.7768549280177187,True
660,HYBRID,0.5,False
660,LOGIT,0.5924695459579181,False
661,STRUCT,0.779367469879518,True
661,HYBRID,0.5,False
661,LOGIT,0.5373995983935743,False
662,STRUCT,0.9007685352622061,True
662,HYBRID,0.5,False
662,LOGIT,0.6797016274864377,False
663,STRUCT,0.6978260869565218,True
663,HYBRID,0.5,False
663,LOGIT,0.5615942028985507,False
664,STRUCT,0.8676633444075303,True
664,HYBRID,0.5,False
664,LOGIT,0.7045957918050941,False
665,STRUCT,0.7852870813397129,True
665,HYBRID,0.5,False
665,LOGIT,0.5702751196172249,False
666,STRUCT,0.8671274961597543,True
666,HYBRID,0.5,False
666,LOGIT,0.6171274961597543,False
667,STRUCT,0.7942528735632184,True
667,HYBRID,0.5,False
667,LOGIT,0.4689655172413793,False
668,STRUCT,0.8848780487804878,True
668,HYBRID,0.5,False
668,LOGIT,0.45951219512195124,False
669,STRUCT,0.8345388788426763,True
669,HYBRID,0.5,False
669,LOGIT,0.5940325497287523,False
670,STRUCT,0.839712918660287,True
670,HYBRID,0.5,False
670,LOGIT,0.6244019138755981,False
671,STRUCT,0.8451305220883534,True
671,HYBRID,0.5,False
671,LOGIT,0.5951305220883534,False
672,STRUCT,0.7423611111111111,True
672,HYBRID,0.5,False
672,LOGIT,0.5458333333333333,False
673,STRUCT,0.7787141073657927,True
673,HYBRID,0.5,False
673,LOGIT,0.521223470661673,False
674,STRUCT,0.7856425702811245,True
674,HYBRID,0.5,False
674,LOGIT,0.646586345381526,False
675,STRUCT,0.7946787148594378,True
675,HYBRID,0.5,False
675,LOGIT,0.401355421686747,False
676,STRUCT,0.8346341463414635,True
676,HYBRID,0.5,False
676,LOGIT,0.605609756097561,False
677,STRUCT,0.843103448275862,True
677,HYBRID,0.5,False
677,LOGIT,0.506896551724138,False
678,STRUCT,0.8294573643410852,True
678,HYBRID,0.5,False
678,LOGIT,0.6345514950166113,False
679,STRUCT,0.8882352941176471,True
679,HYBRID,0.5,False
679,LOGIT,0.6697860962566844,False
680,STRUCT,0.7494824016563147,True
680,HYBRID,0.5,False
680,LOGIT,0.5351966873706004,False
681,STRUCT,0.7508021390374332,True
681,HYBRID,0.5,False
681,LOGIT,0.5304812834224598,False
682,STRUCT,0.8374741200828157,True
682,HYBRID,0.5,False
682,LOGIT,0.5414078674948241,False
683,STRUCT,0.9101851851851852,True
683,HYBRID,0.5,False
683,LOGIT,0.5247685185185185,False
684,STRUCT,0.8422413793103449,True
684,HYBRID,0.5,False
684,LOGIT,0.6229885057471265,False
685,STRUCT,0.8069518716577541,True
685,HYBRID,0.5,False
685,LOGIT,0.5898395721925134,False
686,STRUCT,0.9134146341463415,True
686,HYBRID,0.5,False
686,LOGIT,0.494390243902439,False
687,STRUCT,0.8775419982316534,True
687,HYBRID,0.5,False
687,LOGIT,0.625552608311229,False
688,STRUCT,0.8498751560549314,True
688,HYBRID,0.5,False
688,LOGIT,0.603932584269663,False
689,STRUCT,0.8364389233954451,True
689,HYBRID,0.5,False
689,LOGIT,0.5522774327122153,False
690,STRUCT,0.8127510040160643,True
690,HYBRID,0.5,False
690,LOGIT,0.6410642570281124,False
691,STRUCT,0.8863425925925926,True
691,HYBRID,0.5,False
691,LOGIT,0.6141203703703704,False
692,STRUCT,0.811965811965812,True
692,HYBRID,0.5,False
692,LOGIT,0.5617283950617283,False
693,STRUCT,0.836111111111111,True
693,HYBRID,0.5,False
693,LOGIT,0.5881944444444445,False
694,STRUCT,0.751336898395722,True
694,HYBRID,0.5,False
694,LOGIT,0.6518716577540107,False
695,STRUCT,0.8942528735632184,True
695,HYBRID,0.5,False
695,LOGIT,0.6534482758620689,False
696,STRUCT,0.8922413793103448,True
696,HYBRID,0.5,False
696,LOGIT,0.44712643678160924,False
697,STRUCT,0.8580459770114942,True
697,HYBRID,0.5,False
697,LOGIT,0.5488505747126436,False
698,STRUCT,0.7678048780487805,True
698,HYBRID,0.5,False
698,LOGIT,0.5858536585365854,False
699,STRUCT,0.8557471264367816,True
699,HYBRID,0.5,False
699,LOGIT,0.4477011494252873,False
700,STRUCT,0.8595505617977528,True
700,HYBRID,0.5,False
700,LOGIT,0.5898876404494382,False
701,STRUCT,0.850925925925926,True
701,HYBRID,0.5,False
701,LOGIT,0.6416666666666666,False
702,STRUCT,0.8477297895902547,True
702,HYBRID,0.5,False
702,LOGIT,0.4717607973421927,False
703,STRUCT,0.7906626506024096,True
703,HYBRID,0.5,False
703,LOGIT,0.6315261044176707,False
704,STRUCT,0.8097701149425286,True
704,HYBRID,0.5,False
704,LOGIT,0.4045977011494253,False
705,STRUCT,0.7963414634146342,True
705,HYBRID,0.5,False
705,LOGIT,0.578780487804878,False
706,STRUCT,0.8319444444444445,True
706,HYBRID,0.5,False
706,LOGIT,0.6518518518518518,False
707,STRUCT,0.8898117386489479,True
707,HYBRID,0.5,False
707,LOGIT,0.6395348837209303,False
708,STRUCT,0.9050802139037434,True
708,HYBRID,0.5,False
708,LOGIT,0.42085561497326196,False
709,STRUCT,0.7673170731707317,True
709,HYBRID,0.5,False
709,LOGIT,0.5697560975609756,False
710,STRUCT,0.8988505747126437,True
710,HYBRID,0.5,False
710,LOGIT,0.45000000000000007,False
711,STRUCT,0.8806509945750451,True
711,HYBRID,0.5,False
711,LOGIT,0.6543851717902351,False
712,STRUCT,0.8244617224880382,True
712,HYBRID,0.5,False
712,LOGIT,0.6420454545454546,False
713,STRUCT,0.8675287356321839,True
713,HYBRID,0.5,False
713,LOGIT,0.4752873563218391,False
714,STRUCT,0.8412908930150309,True
714,HYBRID,0.5,False
714,LOGIT,0.5026525198938991,False
715,STRUCT,0.8546296296296296,True
715,HYBRID,0.5,False
715,LOGIT,0.6898148148148149,False
716,STRUCT,0.7788770053475936,True
716,HYBRID,0.5,False
716,LOGIT,0.47352941176470587,False
717,STRUCT,0.8403743315508021,True
717,HYBRID,0.5,False
717,LOGIT,0.710427807486631,False
718,STRUCT,0.743103448275862,True
718,HYBRID,0.5,False
718,LOGIT,0.5494252873563219,False
719,STRUCT,0.7811934900542497,True
719,HYBRID,0.5,False
719,LOGIT,0.5999095840867992,False
720,STRUCT,0.882177033492823,True
720,HYBRID,0.5,False
720,LOGIT,0.6073564593301436,False
721,STRUCT,0.8684448462929476,True
721,HYBRID,0.5,False
721,LOGIT,0.5402350813743219,False
722,STRUCT,0.8558052434456929,True
722,HYBRID,0.5,False
722,LOGIT,0.5455680399500624,False
723,STRUCT,0.8592132505175983,True
723,HYBRID,0.5,False
723,LOGIT,0.5626293995859214,False
724,STRUCT,0.8211517165005537,True
724,HYBRID,0.5,False
724,LOGIT,0.615171650055371,False
725,STRUCT,0.8699162679425837,True
725,HYBRID,0.5,False
725,LOGIT,0.6749401913875598,False
726,STRUCT,0.8405092592592592,True
726,HYBRID,0.5,False
726,LOGIT,0.5821759259259259,False
727,STRUCT,0.9337152209492634,True
727,HYBRID,0.5,False
727,LOGIT,0.6947626841243862,False
728,STRUCT,0.9213903743315508,True
728,HYBRID,0.5,False
728,LOGIT,0.6219251336898396,False
729,STRUCT,0.8689759036144579,True
729,HYBRID,0.5,False
729,LOGIT,0.5717871485943775,False
730,STRUCT,0.8657128514056226,True
730,HYBRID,0.5,False
730,LOGIT,0.5208333333333333,False
731,STRUCT,0.8708333333333332,True
731,HYBRID,0.5,False
731,LOGIT,0.5796296296296297,False
732,STRUCT,0.7918227215980025,True
732,HYBRID,0.5,False
732,LOGIT,0.6285892634207241,False
733,STRUCT,0.9083850931677019,True
733,HYBRID,0.5,False
733,LOGIT,0.5064699792960663,False
734,STRUCT,0.8061594202898552,True
734,HYBRID,0.5,False
734,LOGIT,0.5672877846790889,False
735,STRUCT,0.8198757763975155,True
735,HYBRID,0.5,False
735,LOGIT,0.39285714285714285,False
736,STRUCT,0.7838196286472149,True
736,HYBRID,0.5,False
736,LOGIT,0.4759062776304156,False
737,STRUCT,0.8172690763052208,True
737,HYBRID,0.5,False
737,LOGIT,0.535140562248996,False
738,STRUCT,0.8558052434456929,True
738,HYBRID,0.5,False
738,LOGIT,0.49875156054931336,False
739,STRUCT,0.8471861471861473,True
739,HYBRID,0.5,False
739,LOGIT,0.5333333333333333,False
740,STRUCT,0.8149732620320855,True
740,HYBRID,0.5,False
740,LOGIT,0.5454545454545454,False
741,STRUCT,0.840311004784689,True
741,HYBRID,0.5,False
741,LOGIT,0.5708732057416268,False
742,STRUCT,0.9129310344827586,True
742,HYBRID,0.5,False
742,LOGIT,0.5594827586206896,False
743,STRUCT,0.8601747815230961,True
743,HYBRID,0.5,False
743,LOGIT,0.5561797752808989,False
744,STRUCT,0.808641975308642,True
744,HYBRID,0.5,False
744,LOGIT,0.5365622032288699,False
745,STRUCT,0.7476708074534161,True
745,HYBRID,0.5,False
745,LOGIT,0.5988612836438924,False
746,STRUCT,0.7514634146341462,True
746,HYBRID,0.5,False
746,LOGIT,0.5553658536585366,False
747,STRUCT,0.7723393574297189,True
747,HYBRID,0.5,False
747,LOGIT,0.6086847389558232,False
748,STRUCT,0.8232931726907631,True
748,HYBRID,0.5,False
748,LOGIT,0.6275100401606426,False
749,STRUCT,0.8240165631469979,True
749,HYBRID,0.5,False
749,LOGIT,0.5913561076604554,False
750,STRUCT,0.8252184769038701,True
750,HYBRID,0.5,False
750,LOGIT,0.6182896379525593,False
751,STRUCT,0.9091365461847388,True
751,HYBRID,0.5,False
751,LOGIT,0.5803212851405622,False
752,STRUCT,0.8334086799276672,True
752,HYBRID,0.5,False
752,LOGIT,0.6369801084990958,False
753,STRUCT,0.8320783132530121,True
753,HYBRID,0.5,False
753,LOGIT,0.45406626506024095,False
754,STRUCT,0.8083333333333332,True
754,HYBRID,0.5,False
754,LOGIT,0.6962643678160919,False
755,STRUCT,0.7551219512195122,True
755,HYBRID,0.5,False
755,LOGIT,0.624390243902439,False
756,STRUCT,0.9051186017478151,True
756,HYBRID,0.5,False
756,LOGIT,0.5624219725343321,False
757,STRUCT,0.866214859437751,True
757,HYBRID,0.5,False
757,LOGIT,0.5865963855421688,False
758,STRUCT,0.7974025974025974,True
758,HYBRID,0.5,False
758,LOGIT,0.6742424242424242,False
759,STRUCT,0.8012820512820512,True
759,HYBRID,0.5,False
759,LOGIT,0.5764482431149097,False
760,STRUCT,0.8144927536231884,True
760,HYBRID,0.5,False
760,LOGIT,0.5239130434782608,False
761,STRUCT,0.7954248366013073,True
761,HYBRID,0.5,False
761,LOGIT,0.6869281045751635,False
762,STRUCT,0.830220713073005,True
762,HYBRID,0.5,False
762,LOGIT,0.5986842105263157,False
763,STRUCT,0.8644349477682811,True
763,HYBRID,0.5,False
763,LOGIT,0.4793447293447294,False
764,STRUCT,0.8320070733863837,True
764,HYBRID,0.5,False
764,LOGIT,0.4902740937223696,False
765,STRUCT,0.885143570536829,True
765,HYBRID,0.5,False
765,LOGIT,0.6279650436953808,False
766,STRUCT,0.9204119850187266,True
766,HYBRID,0.5,False
766,LOGIT,0.6913233458177278,False
767,STRUCT,0.7924430641821947,True
767,HYBRID,0.5,False
767,LOGIT,0.5714285714285714,False
768,STRUCT,0.8015194681861348,True
768,HYBRID,0.5,False
768,LOGIT,0.5671889838556505,False
769,STRUCT,0.8017073170731707,True
769,HYBRID,0.5,False
769,LOGIT,0.703170731707317,False
770,STRUCT,0.8222591362126246,True
770,HYBRID,0.5,False
770,LOGIT,0.47120708748615725,False
771,STRUCT,0.7943969610636278,True
771,HYBRID,0.5,False
771,LOGIT,0.5626780626780628,False
772,STRUCT,0.7594771241830066,True
772,HYBRID,0.5,False
772,LOGIT,0.5117647058823529,False
773,STRUCT,0.8155515370705244,True
773,HYBRID,0.5,False
773,LOGIT,0.596745027124774,False
774,STRUCT,0.8158551810237203,True
774,HYBRID,0.5,False
774,LOGIT,0.6916354556803995,False
775,STRUCT,0.8002008032128515,True
775,HYBRID,0.5,False
775,LOGIT,0.6322791164658634,False
776,STRUCT,0.849005424954792,True
776,HYBRID,0.5,False
776,LOGIT,0.5397830018083183,False
777,STRUCT,0.8390151515151516,True
777,HYBRID,0.5,False
777,LOGIT,0.5757575757575758,False
778,STRUCT,0.8294117647058823,True
778,HYBRID,0.5,False
778,LOGIT,0.656149732620321,False
779,STRUCT,0.8775100401606426,True
779,HYBRID,0.5,False
779,LOGIT,0.6350401606425703,False
780,STRUCT,0.8418981481481481,True
780,HYBRID,0.5,False
780,LOGIT,0.5370370370370371,False
781,STRUCT,0.8807740324594258,True
781,HYBRID,0.5,False
781,LOGIT,0.5886392009987516,False
782,STRUCT,0.8423694779116466,True
782,HYBRID,0.5,False
782,LOGIT,0.556726907630522,False
783,STRUCT,0.8705882352941176,True
783,HYBRID,0.5,False
783,LOGIT,0.5240641711229946,False
784,STRUCT,0.828028293545535,True
784,HYBRID,0.5,False
784,LOGIT,0.6679929266136163,False
785,STRUCT,0.7851605758582503,True
785,HYBRID,0.5,False
785,LOGIT,0.6511627906976744,False
786,STRUCT,0.8361244019138756,True
786,HYBRID,0.5,False
786,LOGIT,0.6477272727272727,False
787,STRUCT,0.8220973782771536,True
787,HYBRID,0.5,False
787,LOGIT,0.533083645443196,False
788,STRUCT,0.6324760765550239,True
788,HYBRID,0.5,False
788,LOGIT,0.5086722488038277,False
789,STRUCT,0.8155120481927711,True
789,HYBRID,0.5,False
789,LOGIT,0.704066265060241,False
790,STRUCT,0.7867996201329535,True
790,HYBRID,0.5,False
790,LOGIT,0.5576923076923077,False
791,STRUCT,0.8178294573643411,True
791,HYBRID,0.5,False
791,LOGIT,0.5099667774086378,False
792,STRUCT,0.8190247252747254,True
792,HYBRID,0.5,False
792,LOGIT,0.6689560439560439,False
793,STRUCT,0.833133971291866,True
793,HYBRID,0.5,False
793,LOGIT,0.6866028708133971,False
794,STRUCT,0.8173202614379086,True
794,HYBRID,0.5,False
794,LOGIT,0.5937908496732026,False
795,STRUCT,0.8100775193798448,True
795,HYBRID,0.5,False
795,LOGIT,0.3909191583610188,False
796,STRUCT,0.839080459770115,True
796,HYBRID,0.5,False
796,LOGIT,0.5946065428824049,False
797,STRUCT,0.871219512195122,True
797,HYBRID,0.5,False
797,LOGIT,0.5614634146341464,False
798,STRUCT,0.8579192546583851,True
798,HYBRID,0.5,False
798,LOGIT,0.5649585921325052,False
799,STRUCT,0.8034482758620689,True
799,HYBRID,0.5,False
799,LOGIT,0.6298850574712643,False
800,STRUCT,0.9075956937799042,True
800,HYBRID,0.5,False
800,LOGIT,0.6088516746411483,False
801,STRUCT,0.9083191850594227,True
801,HYBRID,0.5,False
801,LOGIT,0.7266553480475382,False
802,STRUCT,0.8172690763052208,True
802,HYBRID,0.5,False
802,LOGIT,0.6757028112449799,False
803,STRUCT,0.9021390374331552,True
803,HYBRID,0.5,False
803,LOGIT,0.6449197860962567,False
804,STRUCT,0.9244477911646587,True
804,HYBRID,0.5,False
804,LOGIT,0.5499497991967871,False
805,STRUCT,0.8110047846889953,True
805,HYBRID,0.5,False
805,LOGIT,0.5959928229665071,False
806,STRUCT,0.82,True
806,HYBRID,0.5,False
806,LOGIT,0.5756097560975609,False
807,STRUCT,0.7462121212121212,True
807,HYBRID,0.5,False
807,LOGIT,0.6060606060606061,False
808,STRUCT,0.7895667550839965,True
808,HYBRID,0.5,False
808,LOGIT,0.6927497789566754,False
809,STRUCT,0.9221014492753623,True
809,HYBRID,0.5,False
809,LOGIT,0.5838509316770186,False
810,STRUCT,0.8648564294631711,True
810,HYBRID,0.5,False
810,LOGIT,0.564294631710362,False
811,STRUCT,0.8267379679144384,True
811,HYBRID,0.5,False
811,LOGIT,0.6326203208556149,False
812,STRUCT,0.748892580287929,True
812,HYBRID,0.5,False
812,LOGIT,0.5910852713178294,False
813,STRUCT,0.7706552706552706,True
813,HYBRID,0.5,False
813,LOGIT,0.5764482431149098,False
814,STRUCT,0.8365800865800865,True
814,HYBRID,0.5,False
814,LOGIT,0.6108225108225108,False
815,STRUCT,0.835707502374169,True
815,HYBRID,0.5,False
815,LOGIT,0.48290598290598286,False
816,STRUCT,0.8575757575757575,True
816,HYBRID,0.5,False
816,LOGIT,0.6696969696969697,False
817,STRUCT,0.8591954022988505,True
817,HYBRID,0.5,False
817,LOGIT,0.48908045977011494,False
818,STRUCT,0.8685365853658538,True
818,HYBRID,0.5,False
818,LOGIT,0.6275609756097561,False
819,STRUCT,0.8676470588235294,True
819,HYBRID,0.5,False
819,LOGIT,0.6072192513368984,False
820,STRUCT,0.8444976076555023,True
820,HYBRID,0.5,False
820,LOGIT,0.49282296650717705,False
821,STRUCT,0.8318181818181818,True
821,HYBRID,0.5,False
821,LOGIT,0.5735294117647058,False
822,STRUCT,0.8711573236889693,True
822,HYBRID,0.5,False
822,LOGIT,0.6184448462929476,False
823,STRUCT,0.7876522702104097,True
823,HYBRID,0.5,False
823,LOGIT,0.5528792912513842,False
824,STRUCT,0.8524844720496895,True
824,HYBRID,0.5,False
824,LOGIT,0.6433747412008282,False
825,STRUCT,0.7157407407407408,True
825,HYBRID,0.5,False
825,LOGIT,0.5518518518518519,False
826,STRUCT,0.7781609195402298,True
826,HYBRID,0.5,False
826,LOGIT,0.628735632183908,False
827,STRUCT,0.8921296296296297,True
827,HYBRID,0.5,False
827,LOGIT,0.64375,False
828,STRUCT,0.8315508021390374,True
828,HYBRID,0.5,False
828,LOGIT,0.5406417112299465,False
829,STRUCT,0.7098861283643892,True
829,HYBRID,0.5,False
829,LOGIT,0.5364906832298136,False
830,STRUCT,0.880175983436853,True
830,HYBRID,0.5,False
830,LOGIT,0.6713250517598345,False
831,STRUCT,0.89648033126294,True
831,HYBRID,0.5,False
831,LOGIT,0.5709109730848861,False
832,STRUCT,0.8190883190883191,True
832,HYBRID,0.5,False
832,LOGIT,0.5522317188983856,False
833,STRUCT,0.7317073170731707,True
833,HYBRID,0.5,False
833,LOGIT,0.6624390243902438,False
834,STRUCT,0.8136363636363636,True
834,HYBRID,0.5,False
834,LOGIT,0.6521390374331549,False
835,STRUCT,0.8969979296066253,True
835,HYBRID,0.5,False
835,LOGIT,0.6011904761904763,False
836,STRUCT,0.8584967320261437,True
836,HYBRID,0.5,False
836,LOGIT,0.6075163398692811,False
837,STRUCT,0.8209756097560975,True
837,HYBRID,0.5,False
837,LOGIT,0.5670731707317074,False
838,STRUCT,0.7409488139825219,True
838,HYBRID,0.5,False
838,LOGIT,0.6011235955056179,False
839,STRUCT,0.8232173174872666,True
839,HYBRID,0.5,False
839,LOGIT,0.6146010186757216,False
840,STRUCT,0.7581699346405228,True
840,HYBRID,0.5,False
840,LOGIT,0.4856209150326798,False
841,STRUCT,0.7906698564593301,True
841,HYBRID,0.5,False
841,LOGIT,0.5125598086124403,False
842,STRUCT,0.6867469879518072,True
842,HYBRID,0.5,False
842,LOGIT,0.5456827309236948,False
843,STRUCT,0.860576923076923,True
843,HYBRID,0.5,False
843,LOGIT,0.551510989010989,False
844,STRUCT,0.7719251336898397,True
844,HYBRID,0.5,False
844,LOGIT,0.6401069518716578,False
845,STRUCT,0.7872670807453416,True
845,HYBRID,0.5,False
845,LOGIT,0.5377846790890268,False
846,STRUCT,0.8023872679045092,True
846,HYBRID,0.5,False
846,LOGIT,0.6096374889478338,False
847,STRUCT,0.7868217054263567,True
847,HYBRID,0.5,False
847,LOGIT,0.6074197120708749,False
848,STRUCT,0.7874331550802139,True
848,HYBRID,0.5,False
848,LOGIT,0.5483957219251338,False
849,STRUCT,0.8428300094966762,True
849,HYBRID,0.5,False
849,LOGIT,0.462962962962963,False
850,STRUCT,0.8599896480331264,True
850,HYBRID,0.5,False
850,LOGIT,0.613095238095238,False
851,STRUCT,0.8232758620689655,True
851,HYBRID,0.5,False
851,LOGIT,0.4804597701149425,False
852,STRUCT,0.8049698795180723,True
852,HYBRID,0.5,False
852,LOGIT,0.5911144578313253,False
853,STRUCT,0.917391304347826,True
853,HYBRID,0.5,False
853,LOGIT,0.6528985507246378,False
854,STRUCT,0.8338509316770186,True
854,HYBRID,0.5,False
854,LOGIT,0.6099896480331263,False
855,STRUCT,0.825,True
855,HYBRID,0.5,False
855,LOGIT,0.5813218390804599,False
856,STRUCT,0.791365280289331,True
856,HYBRID,0.5,False
856,LOGIT,0.5610307414104883,False
857,STRUCT,0.8235645933014354,True
857,HYBRID,0.5,False
857,LOGIT,0.45334928229665067,False
858,STRUCT,0.8626811594202899,True
858,HYBRID,0.5,False
858,LOGIT,0.6583333333333333,False
859,STRUCT,0.8053830227743273,True
859,HYBRID,0.5,False
859,LOGIT,0.5595238095238095,False
860,STRUCT,0.8570750237416904,True
860,HYBRID,0.5,False
860,LOGIT,0.5610161443494778,False
861,STRUCT,0.7895424836601308,True
861,HYBRID,0.5,False
861,LOGIT,0.6516339869281045,False
862,STRUCT,0.7713537469782433,True
862,HYBRID,0.5,False
862,LOGIT,0.6244963738920226,False
863,STRUCT,0.8107317073170731,True
863,HYBRID,0.5,False
863,LOGIT,0.6497560975609756,False
864,STRUCT,0.8252611585944921,True
864,HYBRID,0.5,False
864,LOGIT,0.5308641975308642,False
865,STRUCT,0.8558052434456929,True
865,HYBRID,0.5,False
865,LOGIT,0.5536828963795256,False
866,STRUCT,0.8872061482820977,True
866,HYBRID,0.5,False
866,LOGIT,0.5051989150090416,False
867,STRUCT,0.8923444976076554,True
867,HYBRID,0.5,False
867,LOGIT,0.5173444976076556,False
868,STRUCT,0.8356690777576855,True
868,HYBRID,0.5,False
868,LOGIT,0.5689421338155516,False
869,STRUCT,0.9433908045977012,True
869,HYBRID,0.5,False
869,LOGIT,0.4632183908045977,False
870,STRUCT,0.8825301204819277,True
870,HYBRID,0.5,False
870,LOGIT,0.5261044176706827,False
871,STRUCT,0.75,True
871,HYBRID,0.5,False
871,LOGIT,0.6268518518518518,False
872,STRUCT,0.8227928692699491,True
872,HYBRID,0.5,False
872,LOGIT,0.681239388794567,False
873,STRUCT,0.756578947368421,True
873,HYBRID,0.5,False
873,LOGIT,0.33582535885167464,False
874,STRUCT,0.7383540372670807,True
874,HYBRID,0.5,False
874,LOGIT,0.48680124223602483,False
875,STRUCT,0.8348938826466916,True
875,HYBRID,0.5,False
875,LOGIT,0.6264044943820224,False
876,STRUCT,0.874331550802139,True
876,HYBRID,0.5,False
876,LOGIT,0.5320855614973262,False
877,STRUCT,0.8575498575498577,True
877,HYBRID,0.5,False
877,LOGIT,0.6391263057929725,False
878,STRUCT,0.8033453887884268,True
878,HYBRID,0.5,False
878,LOGIT,0.5940325497287522,False
879,STRUCT,0.8207317073170731,True
879,HYBRID,0.5,False
879,LOGIT,0.5082926829268293,False
880,STRUCT,0.7879310344827586,True
880,HYBRID,0.5,False
880,LOGIT,0.5040229885057472,False
881,STRUCT,0.8303030303030303,True
881,HYBRID,0.5,False
881,LOGIT,0.6606060606060608,False
882,STRUCT,0.8089700996677741,True
882,HYBRID,0.5,False
882,LOGIT,0.5825027685492801,False
883,STRUCT,0.7493464052287582,True
883,HYBRID,0.5,False
883,LOGIT,0.5777777777777777,False
884,STRUCT,0.9430379746835442,True
884,HYBRID,0.5,False
884,LOGIT,0.6665913200723327,False
885,STRUCT,0.784640522875817,True
885,HYBRID,0.5,False
885,LOGIT,0.4552287581699347,False
886,STRUCT,0.78868258178603,True
886,HYBRID,0.5,False
886,LOGIT,0.49447391688771003,False
887,STRUCT,0.8601851851851852,True
887,HYBRID,0.5,False
887,LOGIT,0.5972222222222222,False
888,STRUCT,0.75,True
888,HYBRID,0.5,False
888,LOGIT,0.5859213250517598,False
889,STRUCT,0.7934146341463415,True
889,HYBRID,0.5,False
889,LOGIT,0.6126829268292683,False
890,STRUCT,0.9051724137931035,True
890,HYBRID,0.5,False
890,LOGIT,0.6072060123784261,False
891,STRUCT,0.8202380952380952,True
891,HYBRID,0.5,False
891,LOGIT,0.6464285714285714,False
892,STRUCT,0.8748780487804878,True
892,HYBRID,0.5,False
892,LOGIT,0.5124390243902439,False
893,STRUCT,0.8361823361823362,True
893,HYBRID,0.5,False
893,LOGIT,0.4962013295346629,False
894,STRUCT,0.8177710843373494,True
894,HYBRID,0.5,False
894,LOGIT,0.6159638554216867,False
895,STRUCT,0.8478609625668448,True
895,HYBRID,0.5,False
895,LOGIT,0.5727272727272728,False
896,STRUCT,0.8585526315789475,True
896,HYBRID,0.5,False
896,LOGIT,0.6836124401913874,False
897,STRUCT,0.7956896551724139,True
897,HYBRID,0.5,False
897,LOGIT,0.5135057471264367,False
898,STRUCT,0.8659420289855072,True
898,HYBRID,0.5,False
898,LOGIT,0.5512422360248447,False
899,STRUCT,0.8637048192771084,True
899,HYBRID,0.5,False
899,LOGIT,0.5512048192771084,False
900,STRUCT,0.8576604554865425,True
900,HYBRID,0.5,False
900,LOGIT,0.4668737060041408,False
901,STRUCT,0.8053475935828877,True
901,HYBRID,0.5,False
901,LOGIT,0.6529411764705882,False
902,STRUCT,0.8050925925925926,True
902,HYBRID,0.5,False
902,LOGIT,0.5685185185185185,False
903,STRUCT,0.8112299465240642,True
903,HYBRID,0.5,False
903,LOGIT,0.5427807486631016,False
904,STRUCT,0.7763012181616833,True
904,HYBRID,0.5,False
904,LOGIT,0.6135105204872646,False
905,STRUCT,0.8415071770334928,True
905,HYBRID,0.5,False
905,LOGIT,0.5765550239234449,False
906,STRUCT,0.8641711229946525,True
906,HYBRID,0.5,False
906,LOGIT,0.6272727272727272,False
907,STRUCT,0.8901446654611211,True
907,HYBRID,0.5,False
907,LOGIT,0.6170886075949367,False
908,STRUCT,0.8010849909584088,True
908,HYBRID,0.5,False
908,LOGIT,0.5872513562386981,False
909,STRUCT,0.8492484526967286,True
909,HYBRID,0.5,False
909,LOGIT,0.629973474801061,False
910,STRUCT,0.9334659593280282,True
910,HYBRID,0.5,False
910,LOGIT,0.539787798408488,False
911,STRUCT,0.7898351648351649,True
911,HYBRID,0.5,False
911,LOGIT,0.5934065934065933,False
912,STRUCT,0.885930735930736,True
912,HYBRID,0.5,False
912,LOGIT,0.5521645021645022,False
913,STRUCT,0.8111111111111111,True
913,HYBRID,0.5,False
913,LOGIT,0.5023148148148148,False
914,STRUCT,0.874074074074074,True
914,HYBRID,0.5,False
914,LOGIT,0.5740740740740741,False
915,STRUCT,0.839544513457557,True
915,HYBRID,0.5,False
915,LOGIT,0.5540890269151139,False
916,STRUCT,0.9188034188034188,True
916,HYBRID,0.5,False
916,LOGIT,0.5489078822412156,False
917,STRUCT,0.8098006644518273,True
917,HYBRID,0.5,False
917,LOGIT,0.6364894795127354,False
918,STRUCT,0.8765432098765433,True
918,HYBRID,0.5,False
918,LOGIT,0.51329534662868,False
919,STRUCT,0.843128390596745,True
919,HYBRID,0.5,False
919,LOGIT,0.5705244122965641,False
920,STRUCT,0.836894586894587,True
920,HYBRID,0.5,False
920,LOGIT,0.508784425451092,False
921,STRUCT,0.7630522088353414,True
921,HYBRID,0.5,False
921,LOGIT,0.6049196787148594,False
922,STRUCT,0.8462918660287081,True
922,HYBRID,0.5,False
922,LOGIT,0.5789473684210527,False
923,STRUCT,0.8494776828110161,True
923,HYBRID,0.5,False
923,LOGIT,0.6671415004748338,False
924,STRUCT,0.884575569358178,True
924,HYBRID,0.5,False
924,LOGIT,0.6325051759834369,False
925,STRUCT,0.7898981324278438,True
925,HYBRID,0.5,False
925,LOGIT,0.49320882852292014,False
926,STRUCT,0.9066265060240963,True
926,HYBRID,0.5,False
926,LOGIT,0.5401606425702812,False
927,STRUCT,0.8516057585825026,True
927,HYBRID,0.5,False
927,LOGIT,0.6555924695459578,False
928,STRUCT,0.8304878048780489,True
928,HYBRID,0.5,False
928,LOGIT,0.615609756097561,False
929,STRUCT,0.8232368896925858,True
929,HYBRID,0.5,False
929,LOGIT,0.5302893309222423,False
930,STRUCT,0.8667168674698795,True
930,HYBRID,0.5,False
930,LOGIT,0.6224899598393575,False
931,STRUCT,0.8414634146341464,True
931,HYBRID,0.5,False
931,LOGIT,0.45707317073170733,False
932,STRUCT,0.7635135135135136,True
932,HYBRID,0.5,False
932,LOGIT,0.6076986076986077,False
933,STRUCT,0.9088319088319089,True
933,HYBRID,0.5,False
933,LOGIT,0.6196581196581197,False
934,STRUCT,0.857910906298003,True
934,HYBRID,0.5,False
934,LOGIT,0.5929339477726575,False
935,STRUCT,0.8189814814814815,True
935,HYBRID,0.5,False
935,LOGIT,0.5018518518518518,False
936,STRUCT,0.9045977011494253,True
936,HYBRID,0.5,False
936,LOGIT,0.5287356321839081,False
937,STRUCT,0.8078703703703703,True
937,HYBRID,0.5,False
937,LOGIT,0.6611111111111111,False
938,STRUCT,0.7981481481481482,True
938,HYBRID,0.5,False
938,LOGIT,0.4180555555555555,False
939,STRUCT,0.8298850574712643,True
939,HYBRID,0.5,False
939,LOGIT,0.5045977011494253,False
940,STRUCT,0.920099875156055,True
940,HYBRID,0.5,False
940,LOGIT,0.5243445692883895,False
941,STRUCT,0.8527131782945737,True
941,HYBRID,0.5,False
941,LOGIT,0.58859357696567,False
942,STRUCT,0.848780487804878,True
942,HYBRID,0.5,False
942,LOGIT,0.46585365853658534,False
943,STRUCT,0.7467105263157895,True
943,HYBRID,0.5,False
943,LOGIT,0.6393540669856459,False
944,STRUCT,0.8732004429678848,True
944,HYBRID,0.5,False
944,LOGIT,0.5819490586932448,False
945,STRUCT,0.804945054945055,True
945,HYBRID,0.5,False
945,LOGIT,0.6016483516483517,False
946,STRUCT,0.7784482758620689,True
946,HYBRID,0.5,False
946,LOGIT,0.4738505747126437,False
947,STRUCT,0.8668449197860963,True
947,HYBRID,0.5,False
947,LOGIT,0.4772727272727273,False
948,STRUCT,0.8896551724137931,True
948,HYBRID,0.5,False
948,LOGIT,0.5186781609195402,False
949,STRUCT,0.8571428571428572,True
949,HYBRID,0.5,False
949,LOGIT,0.5351966873706004,False
950,STRUCT,0.8946524064171124,True
950,HYBRID,0.5,False
950,LOGIT,0.5818181818181818,False
951,STRUCT,0.883270911360799,True
951,HYBRID,0.5,False
951,LOGIT,0.6076779026217228,False
952,STRUCT,0.8887163561076604,True
952,HYBRID,0.5,False
952,LOGIT,0.5859213250517599,False
953,STRUCT,0.8276643990929705,True
953,HYBRID,0.5,False
953,LOGIT,0.7596371882086167,False
954,STRUCT,0.8410973084886129,True
954,HYBRID,0.5,False
954,LOGIT,0.6982401656314701,False
955,STRUCT,0.8620320855614974,True
955,HYBRID,0.5,False
955,LOGIT,0.6112299465240641,False
956,STRUCT,0.7462962962962962,True
956,HYBRID,0.5,False
956,LOGIT,0.45625,False
957,STRUCT,0.7752314814814815,True
957,HYBRID,0.5,False
957,LOGIT,0.5055555555555555,False
958,STRUCT,0.8879679144385028,True
958,HYBRID,0.5,False
958,LOGIT,0.66951871657754,False
959,STRUCT,0.85,True
959,HYBRID,0.5,False
959,LOGIT,0.5599537037037037,False
960,STRUCT,0.8595121951219513,True
960,HYBRID,0.5,False
960,LOGIT,0.5907317073170731,False
961,STRUCT,0.9017241379310345,True
961,HYBRID,0.5,False
961,LOGIT,0.5189655172413793,False
962,STRUCT,0.8228869895536562,True
962,HYBRID,0.5,False
962,LOGIT,0.5493827160493827,False
963,STRUCT,0.805605786618445,True
963,HYBRID,0.5,False
963,LOGIT,0.6442133815551537,False
964,STRUCT,0.84472049689441,True
964,HYBRID,0.5,False
964,LOGIT,0.6102484472049688,False
965,STRUCT,0.8862773029439697,True
965,HYBRID,0.5,False
965,LOGIT,0.5372744539411206,False
966,STRUCT,0.8597222222222222,True
966,HYBRID,0.5,False
966,LOGIT,0.5564814814814815,False
967,STRUCT,0.8251219512195123,True
967,HYBRID,0.5,False
967,LOGIT,0.6619512195121952,False
968,STRUCT,0.8017241379310345,True
968,HYBRID,0.5,False
968,LOGIT,0.6626436781609195,False
969,STRUCT,0.7681159420289855,True
969,HYBRID,0.5,False
969,LOGIT,0.5284679089026916,False
970,STRUCT,0.7560240963855421,True
970,HYBRID,0.5,False
970,LOGIT,0.5361445783132529,False
971,STRUCT,0.7583947583947583,True
971,HYBRID,0.5,False
971,LOGIT,0.5188370188370188,False
972,STRUCT,0.8942528735632184,True
972,HYBRID,0.5,False
972,LOGIT,0.6867816091954023,False
973,STRUCT,0.8630718954248366,True
973,HYBRID,0.5,False
973,LOGIT,0.5473856209150326,False
974,STRUCT,0.7844254510921178,True
974,HYBRID,0.5,False
974,LOGIT,0.5565052231718899,False
975,STRUCT,0.7814814814814816,True
975,HYBRID,0.5,False
975,LOGIT,0.5759259259259258,False
976,STRUCT,0.8581780538302278,True
976,HYBRID,0.5,False
976,LOGIT,0.6288819875776397,False
977,STRUCT,0.7660130718954249,True
977,HYBRID,0.5,False
977,LOGIT,0.5944444444444444,False
978,STRUCT,0.7990243902439024,True
978,HYBRID,0.5,False
978,LOGIT,0.5775609756097562,False
979,STRUCT,0.8555900621118013,True
979,HYBRID,0.5,False
979,LOGIT,0.7049689440993789,False
980,STRUCT,0.8354037267080745,True
980,HYBRID,0.5,False
980,LOGIT,0.5641821946169772,False
981,STRUCT,0.7665853658536586,True
981,HYBRID,0.5,False
981,LOGIT,0.5953658536585367,False
982,STRUCT,0.8504016064257028,True
982,HYBRID,0.5,False
982,LOGIT,0.5627510040160643,False
983,STRUCT,0.8164351851851851,True
983,HYBRID,0.5,False
983,LOGIT,0.5886574074074074,False
984,STRUCT,0.8075858250276855,True
984,HYBRID,0.5,False
984,LOGIT,0.5102436323366556,False
985,STRUCT,0.8558536585365853,True
985,HYBRID,0.5,False
985,LOGIT,0.4521951219512195,False
986,STRUCT,0.7961847389558233,True
986,HYBRID,0.5,False
986,LOGIT,0.5316265060240963,False
987,STRUCT,0.8765822784810127,True
987,HYBRID,0.5,False
987,LOGIT,0.6424050632911392,False
988,STRUCT,0.8403159340659342,True
988,HYBRID,0.5,False
988,LOGIT,0.6771978021978022,False
989,STRUCT,0.7820910973084887,True
989,HYBRID,0.5,False
989,LOGIT,0.5527950310559007,False
990,STRUCT,0.7779623477297896,True
990,HYBRID,0.5,False
990,LOGIT,0.532392026578073,False
991,STRUCT,0.8629531388152077,True
991,HYBRID,0.5,False
991,LOGIT,0.6573828470380194,False
992,STRUCT,0.8062839059674504,True
992,HYBRID,0.5,False
992,LOGIT,0.5888336347197107,False
993,STRUCT,0.8387939221272555,True
993,HYBRID,0.5,False
993,LOGIT,0.6474358974358976,False
994,STRUCT,0.8707087486157253,True
994,HYBRID,0.5,False
994,LOGIT,0.5797342192691028,False
995,STRUCT,0.853468899521531,True
995,HYBRID,0.5,False
995,LOGIT,0.6088516746411483,False
996,STRUCT,0.8469907407407407,True
996,HYBRID,0.5,False
996,LOGIT,0.5627314814814814,False
997,STRUCT,0.8095238095238095,True
997,HYBRID,0.5,False
997,LOGIT,0.5067287784679089,False
998,STRUCT,0.8377329192546583,True
998,HYBRID,0.5,False
998,LOGIT,0.6783126293995859,False
999,STRUCT,0.8232026143790849,True
999,HYBRID,0.5,False
999,LOGIT,0.5732026143790849,False
1000,STRUCT,0.9294019933554817,True
1000,HYBRID,0.5,False
1000,LOGIT,0.5185492801771872,False
